"position","workshop_id","mod_file","title","dependencies","url"
"1","1870611566","More Combat Stance MIA+.mod","More Combat Stance MIA+","","https://steamcommunity.com/sharedfiles/filedetails/?id=1870611566"
"2","3066628535","Animation - Collection Pack.mod","MEGA All-In-One Compatibility Pack","","https://steamcommunity.com/sharedfiles/filedetails/?id=3066628535"
"3","3401611733","RemoveTestStart - UPPER.mod","Remove Test Start - Upper Module","","https://steamcommunity.com/sharedfiles/filedetails/?id=3401611733"
"4","2862389603","[1]----------[UI, Graphics, Performance]----------.mod","[1] Mod Organizer [UI, Graphics, Performance]","","https://steamcommunity.com/sharedfiles/filedetails/?id=2862389603"
"5","2989326725","[1.1]--------------------(UI).mod","[1.1] MOD ORGANIZER (UI)","","https://steamcommunity.com/sharedfiles/filedetails/?id=2989326725"
"6","1999745738","Kenshi Community Loading Screens.mod","","","https://steamcommunity.com/sharedfiles/filedetails/?id=1999745738"
"7","1977679759","Kenshi_rewritten.mod","Kenshi Rewritten","","https://steamcommunity.com/sharedfiles/filedetails/?id=1977679759"
"8","2650113754","FlavorText+.mod","Flavor Text +","","https://steamcommunity.com/sharedfiles/filedetails/?id=2650113754"
"9","3016310403","Islands Inkarnate Map Regions.mod","Islands Inkarnate Map Regions","","https://steamcommunity.com/sharedfiles/filedetails/?id=3016310403"
"10","2931184188","FSM.mod","FSM (Full Screen Map)","","https://steamcommunity.com/sharedfiles/filedetails/?id=2931184188"
"11","2932844856","FSM (Little Edition).mod","FSM (Little Edition)","","https://steamcommunity.com/sharedfiles/filedetails/?id=2932844856"
"12","3813852288","Vital-Sense.mod","Vital Sense (MCM fork) (QoL)","","https://steamcommunity.com/sharedfiles/filedetails/?id=3813852288"
"13","3688602277","Organize-the-Crafting-Stations.mod","Organize the Crafting Stations","","https://steamcommunity.com/sharedfiles/filedetails/?id=3688602277"
"14","3786979230","Search bar.mod","Building Search Bar (RE_Kenshi)","","https://steamcommunity.com/sharedfiles/filedetails/?id=3786979230"
"15","3699367182","Hidden-Faction-Relations.mod","Hidden Faction Relations","","https://steamcommunity.com/sharedfiles/filedetails/?id=3699367182"
"16","2180023393","Longer Creature Distance.mod","Longer NPC View Distance - An increased view range mod","","https://steamcommunity.com/sharedfiles/filedetails/?id=2180023393"
"17","3740289989","kep-devtools.mod","Re_Dev (RE_Kenshi)","","https://steamcommunity.com/sharedfiles/filedetails/?id=3740289989"
"18","3779464387","KillCounter.mod","Kill Counter","","https://steamcommunity.com/sharedfiles/filedetails/?id=3779464387"
"19","3798215878","PersistentPrisoners.mod","PersistentPrisoners (RE_Kenshi)","","https://steamcommunity.com/sharedfiles/filedetails/?id=3798215878"
"20","3807964959","Character Edit Tweaks.mod","Character Edit Tweaks","","https://steamcommunity.com/sharedfiles/filedetails/?id=3807964959"
"21","3806763804","Return to Main Menu.mod","Return to Main Menu","","https://steamcommunity.com/sharedfiles/filedetails/?id=3806763804"
"22","2989327082","[1.2]--------------------(Graphics).mod","[1.2] MOD ORGANIZER (Graphics)","","https://steamcommunity.com/sharedfiles/filedetails/?id=2989327082"
"23","3703458265","Dust.mod","Dust - A Kenshi Rendering Framework","","https://steamcommunity.com/sharedfiles/filedetails/?id=3703458265"
"24","3642416193","Terrain Fog Overhaul.mod","Terrain Fog Overhaul (RE_Kenshi)","","https://steamcommunity.com/sharedfiles/filedetails/?id=3642416193"
"25","3426253797","Heightmap Fix.mod","Heightmap Fix (RE_Kenshi)","","https://steamcommunity.com/sharedfiles/filedetails/?id=3426253797"
"26","2584116181","Better Night Sky and Planet Textures.mod","Better Night Sky and Planet Textures","","https://steamcommunity.com/sharedfiles/filedetails/?id=2584116181"
"27","3798330239","[Restored Cut Content] Twisters of Fire.mod","[Restored Cut Content] Twisters of Fire","","https://steamcommunity.com/sharedfiles/filedetails/?id=3798330239"
"28","1509740976","Dangerous Hazards.mod","Dangerous Hazards","","https://steamcommunity.com/sharedfiles/filedetails/?id=1509740976"
"29","2629443054","Vain revert patch.mod","Dangerous Hazard Vain revert","","https://steamcommunity.com/sharedfiles/filedetails/?id=2629443054"
"30","3364674810","gasraincustom.mod","Ghastly Deadlands","","https://steamcommunity.com/sharedfiles/filedetails/?id=3364674810"
"31","3610775858","KS-DeadlandsVibeMerge.mod","Death In the Deadlands","Dangerous Hazards.mod; gasraincustom.mod","https://steamcommunity.com/sharedfiles/filedetails/?id=3610775858"
"32","3295047328","MoodLighting.mod","Mood Lighting","","https://steamcommunity.com/sharedfiles/filedetails/?id=3295047328"
"33","3299568238","MoodShadows.mod","Mood Shadows","","https://steamcommunity.com/sharedfiles/filedetails/?id=3299568238"
"34","3300660383","MoodWeather.mod","Mood Weather","","https://steamcommunity.com/sharedfiles/filedetails/?id=3300660383"
"35","3398309191","MoodWaves.mod","Mood Waves","","https://steamcommunity.com/sharedfiles/filedetails/?id=3398309191"
"36","3330117274","ArmOfOkranClouds.mod","Clouds and Wind for World's End","","https://steamcommunity.com/sharedfiles/filedetails/?id=3330117274"
"37","3552198769","DeadlandsClouds.mod","Clouds and Wind for Deadlands and the Pits","","https://steamcommunity.com/sharedfiles/filedetails/?id=3552198769"
"38","3643900384","Volcano Replacement.mod","Volcano Smoke Replacement","","https://steamcommunity.com/sharedfiles/filedetails/?id=3643900384"
"39","3704038150","VC Shadow Fix.mod","Cliff Face Shadow Fix","","https://steamcommunity.com/sharedfiles/filedetails/?id=3704038150"
"40","3705871389","VC Alpha Fix.mod","Foliage Alpha Inconsistency Fix","","https://steamcommunity.com/sharedfiles/filedetails/?id=3705871389"
"41","2989327339","[1.3]--------------------(Performance).mod","[1.3] MOD ORGANIZER (Performance)","","https://steamcommunity.com/sharedfiles/filedetails/?id=2989327339"
"42","1649794243","Compressed Textures Project.mod","Compressed Textures Project","","https://steamcommunity.com/sharedfiles/filedetails/?id=1649794243"
"43","2714086775","Unofficial Patches for Kenshi.mod","Unofficial Patches for Kenshi","","https://steamcommunity.com/sharedfiles/filedetails/?id=2714086775"
"44","2927148215","Unofficial Patches for Kenshi - No Stone Camp Trader's Patch.mod","Unofficial Patches for Kenshi - No Stone Camp Trader's Patch","Unofficial Patches for Kenshi.mod","https://steamcommunity.com/sharedfiles/filedetails/?id=2927148215"
"45","3343675820","UPK No Swamp Distant Towns.mod","Unofficial Patches for Kenshi - No Swamp Distant Towns","","https://steamcommunity.com/sharedfiles/filedetails/?id=3343675820"
"46","3534763540","UPK Thief Fences Buy Hashish.mod","Unofficial Patches for Kenshi - Thief Fences Buy Illegal Goods","Unofficial Patches for Kenshi.mod","https://steamcommunity.com/sharedfiles/filedetails/?id=3534763540"
"47","3303090579","CrunkTweakCompilation.mod","Crunk Tweak Compilation","","https://steamcommunity.com/sharedfiles/filedetails/?id=3303090579"
"48","3328905177","FASTR.mod","Foliage and Stone Total Rework (FASTR)","","https://steamcommunity.com/sharedfiles/filedetails/?id=3328905177"
"49","3392901904","KPM_LEM.mod","KPM: Lowpoly Environment Models","","https://steamcommunity.com/sharedfiles/filedetails/?id=3392901904"
"50","3638161797","KenshiExtensionPlugin.mod","KenshiExtensionPlugin (RE_Kenshi)","","https://steamcommunity.com/sharedfiles/filedetails/?id=3638161797"
"51","3731036037","AttachmentOptimization.mod","Attachment Optimization (RE_Kenshi)","","https://steamcommunity.com/sharedfiles/filedetails/?id=3731036037"
"52","2989327621","[1.4]--------------------(Dialogues).mod","[1.4] MOD ORGANIZER (Dialogues)","","https://steamcommunity.com/sharedfiles/filedetails/?id=2989327621"
"53","3538295906","AgnuGenderFix.mod","Agnu Pronoun Correction Mod","","https://steamcommunity.com/sharedfiles/filedetails/?id=3538295906"
"54","3764957090","Bodyguard Finish Dialogue Fix.mod","Bodyguard Finish Dialogue Fix","","https://steamcommunity.com/sharedfiles/filedetails/?id=3764957090"
"55","1695107802","Errorcode Player Dialogue.mod","Crisis Averted: Errorcode Player Dialogue","","https://steamcommunity.com/sharedfiles/filedetails/?id=1695107802"
"56","3515957691","Errorcodes Play Nice.mod","Errorcodes Play Nice","","https://steamcommunity.com/sharedfiles/filedetails/?id=3515957691"
"57","1369141839","The Forgotten Ones.mod","The Forgotten Ones - Recruitable Error Skeletons","","https://steamcommunity.com/sharedfiles/filedetails/?id=1369141839"
"58","3704539745","Personalities EXPANDED.mod","Personalities Expanded","","https://steamcommunity.com/sharedfiles/filedetails/?id=3704539745"
"59","1575316590","Let's Talk.mod","Let's Talk","","https://steamcommunity.com/sharedfiles/filedetails/?id=1575316590"
"60","2816902533","Talkative Kenshi.mod","Talkative Kenshi | An Ambient Dialogue Overhaul","","https://steamcommunity.com/sharedfiles/filedetails/?id=2816902533"
"61","3720898614","TK Clean Fix.mod","Talkative Kenshi CLEAN FIX","Talkative Kenshi.mod","https://steamcommunity.com/sharedfiles/filedetails/?id=3720898614"
"62","2781445275","LorrMoreConversations.mod","Shopkeeper Dialogue","","https://steamcommunity.com/sharedfiles/filedetails/?id=2781445275"
"63","3776301708","More Travel Dialogue EN.mod","More Travel Dialogue EN","","https://steamcommunity.com/sharedfiles/filedetails/?id=3776301708"
"64","3800715755","aura_lob_dialogue.mod","We're losing to one guy - Reactive Combat Dialogue","","https://steamcommunity.com/sharedfiles/filedetails/?id=3800715755"
"65","2880065031","CBT Did Hear No Bell.mod","'I Heard No Bell' Getting up Remark","","https://steamcommunity.com/sharedfiles/filedetails/?id=2880065031"
"66","2890527008","Travelling Civilians.mod","Travelling, Talking Civilians 4.0","","https://steamcommunity.com/sharedfiles/filedetails/?id=2890527008"
"67","1640604537","Escort Mission.mod","Escort Mission","","https://steamcommunity.com/sharedfiles/filedetails/?id=1640604537"
"68","2997800532","Companion Quest - Morse.mod","Companion Quest: A Drifter's Story... ('Definitive Edition')","","https://steamcommunity.com/sharedfiles/filedetails/?id=2997800532"
"69","3238275348","Please Okran!.mod","Please Okran!","","https://steamcommunity.com/sharedfiles/filedetails/?id=3238275348"
"70","726254871","RecruitPrisoners.mod","Recruitable Prisoners - with dialogue (pls read description)","","https://steamcommunity.com/sharedfiles/filedetails/?id=726254871"
"71","3779334302","RecruitPrisoners - Tweaks.mod","RecruitPrisoners TWEAKS","RecruitPrisoners.mod","https://steamcommunity.com/sharedfiles/filedetails/?id=3779334302"
"72","3630827922","RecruitPrisoners_StarvingBanditPatch.mod","Recruitable Prisoners Patch - Starving Bandit Will Eat Everything","RecruitPrisoners.mod","https://steamcommunity.com/sharedfiles/filedetails/?id=3630827922"
"73","2806672036","ThanksChumbo.mod","Thanks, Chumbo!","","https://steamcommunity.com/sharedfiles/filedetails/?id=2806672036"
"74","3005158052","Trecherous Southern Hive.mod","Recruit Traitorous Southern Hive","","https://steamcommunity.com/sharedfiles/filedetails/?id=3005158052"
"75","3232826256","Holy Courtship.mod","Holy Courtship","","https://steamcommunity.com/sharedfiles/filedetails/?id=3232826256"
"76","3238348405","Holy Nation Brides.mod","Holy Nation Brides - Recruit & Marriage","","https://steamcommunity.com/sharedfiles/filedetails/?id=3238348405"
"77","2862389694","[2]----------[Animations]----------.mod","[2] Mod Organizer [Animations]","","https://steamcommunity.com/sharedfiles/filedetails/?id=2862389694"
"78","3720554731","Xbow_Female_Fix.mod","Female Crossbow Animation Fix","","https://steamcommunity.com/sharedfiles/filedetails/?id=3720554731"
"79","3721071906","EaglesCrossFix.mod","Eagle's Cross Positioning Fix","","https://steamcommunity.com/sharedfiles/filedetails/?id=3721071906"
"80","2692142481","Immersive non-combat animations.mod","Immersive non-combat animation","","https://steamcommunity.com/sharedfiles/filedetails/?id=2692142481"
"81","2810262017","sleepanim.mod","Wakigawa's Animation Overhaul","","https://steamcommunity.com/sharedfiles/filedetails/?id=2810262017"
"82","1630760930","AnimationOverhaul.mod","Animation Overhaul Mod - Crafting","","https://steamcommunity.com/sharedfiles/filedetails/?id=1630760930"
"83","2133953660","More Sitting Animation.mod","More Sitteing Animation","","https://steamcommunity.com/sharedfiles/filedetails/?id=2133953660"
"84","2374040943","Heavy weapon combat stance.mod","Heavy weapon combat stance","","https://steamcommunity.com/sharedfiles/filedetails/?id=2374040943"
"85","2374039537","Heavy weapon combat stance [MCS patch].mod","Heavy weapon combat stance [MCS patch]","","https://steamcommunity.com/sharedfiles/filedetails/?id=2374039537"
"86","1870773796","CMKillingTime.mod","CMKillingTime","","https://steamcommunity.com/sharedfiles/filedetails/?id=1870773796"
"87","1391766984","Faster Stand-Up Animation.mod","Faster Stand-Up Animation","","https://steamcommunity.com/sharedfiles/filedetails/?id=1391766984"
"88","1933993084","Add blow motions.mod","Add blow motions","","https://steamcommunity.com/sharedfiles/filedetails/?id=1933993084"
"89","2456724002","megakick_anim_fix.mod","MegaKick Animation Fix","","https://steamcommunity.com/sharedfiles/filedetails/?id=2456724002"
"90","1691422256","More Combat Animation.mod","More Combat Animation","","https://steamcommunity.com/sharedfiles/filedetails/?id=1691422256"
"91","3042247461","MCA Battle Fury.mod","Better More Combat Animations","More Combat Animation.mod","https://steamcommunity.com/sharedfiles/filedetails/?id=3042247461"
"92","2839696625","hevy_downcut_swing_limiter.mod","Heavy downcut/swing limiter MCA","","https://steamcommunity.com/sharedfiles/filedetails/?id=2839696625"
"93","2216327792","Ganondrf.mod","Side smash","","https://steamcommunity.com/sharedfiles/filedetails/?id=2216327792"
"94","2725549481","Great Anims Mod.mod","Great Animations Mod","","https://steamcommunity.com/sharedfiles/filedetails/?id=2725549481"
"95","3047829102","Great Anims_Rebalance.mod","Great Animations -G. Rebalance-","Great Anims Mod.mod","https://steamcommunity.com/sharedfiles/filedetails/?id=3047829102"
"96","3726991126","Great Animations missing anims disabled.mod","Great Animations Mod - Fix for missing animations","Great Anims Mod.mod","https://steamcommunity.com/sharedfiles/filedetails/?id=3726991126"
"97","2922713981","DigCombatAnimation.mod","GROUNDED: Basic Attack Animations","","https://steamcommunity.com/sharedfiles/filedetails/?id=2922713981"
"98","3047884128","DigCombat_skill_limits.mod","GROUNDED Animations -Skill balance patch-","DigCombatAnimation.mod","https://steamcommunity.com/sharedfiles/filedetails/?id=3047884128"
"99","3289699139","GROUNDED2 Combat Animations.mod","GROUNDED 2: Combat Animations","","https://steamcommunity.com/sharedfiles/filedetails/?id=3289699139"
"100","3404778105","GROUNDED 2 Remove Blowbacks.mod","GROUNDED 2: Remove Blowbacks","GROUNDED2 Combat Animations.mod","https://steamcommunity.com/sharedfiles/filedetails/?id=3404778105"
"101","3033792471","ORA attack animation.mod","OraOraOraOraOra (Rush Beatdown Attack Animation)","","https://steamcommunity.com/sharedfiles/filedetails/?id=3033792471"
"102","1723542142","Idle Stands.mod","Idle Stands","","https://steamcommunity.com/sharedfiles/filedetails/?id=1723542142"
"103","2007492437","Idle Stands Patch.mod","Idle Stands - Patch","Idle Stands.mod","https://steamcommunity.com/sharedfiles/filedetails/?id=2007492437"
"104","3622978817","Yet More Idle Animations.mod","Yet More Idle Animations","","https://steamcommunity.com/sharedfiles/filedetails/?id=3622978817"
"105","3623708350","Yet More Idle Animations AGO Edition.mod","Yet More Idle Animations AGO Edition","","https://steamcommunity.com/sharedfiles/filedetails/?id=3623708350"
"106","3623731926","Yet More Idle Animations AGO BC Patch.mod","Yet More Idle Animations AGO BC Patch","","https://steamcommunity.com/sharedfiles/filedetails/?id=3623731926"
"107","3784886874","MoreBeakAttacks.mod","MoreBeakThingAttacks","","https://steamcommunity.com/sharedfiles/filedetails/?id=3784886874"
"108","1582169807","Goat is strong animal.mod","Goat is strong animal","","https://steamcommunity.com/sharedfiles/filedetails/?id=1582169807"
"109","3814146656","Goat is strong animal PATCH.mod","Goat is strong animal PATCH","Goat is strong animal.mod","https://steamcommunity.com/sharedfiles/filedetails/?id=3814146656"
"110","2862389766","[3]----------[New Races, Race edit, Cosmetics]----------.mod","[3] Mod Organizer [New Races, Race Edits, Cosmetics]","","https://steamcommunity.com/sharedfiles/filedetails/?id=2862389766"
"111","2989328021","[3.1]--------------------(New Races).mod","[3.1] MOD ORGANIZER (New Races)","","https://steamcommunity.com/sharedfiles/filedetails/?id=2989328021"
"112","1874404027","Robotics Limb Base Skeletons.mod","Robotics Limb Base Skeletons","","https://steamcommunity.com/sharedfiles/filedetails/?id=1874404027"
"113","1934750916","RLBS Light Colors.mod","RLBS Light Colors","Robotics Limb Base Skeletons.mod","https://steamcommunity.com/sharedfiles/filedetails/?id=1934750916"
"114","1898900430","Oni.mod","Hazards Unit - New Skeleton Sub-Race and Other Stuff","","https://steamcommunity.com/sharedfiles/filedetails/?id=1898900430"
"115","3353828528","oni_revision.mod","Hazard unit: revision","","https://steamcommunity.com/sharedfiles/filedetails/?id=3353828528"
"116","1910723550","Oni-Nerf.mod","Hazard Unit Balance Patch","Oni.mod","https://steamcommunity.com/sharedfiles/filedetails/?id=1910723550"
"117","2882658082","Driftmetal Remnants.mod","Driftmetal: Remnants (V2)","","https://steamcommunity.com/sharedfiles/filedetails/?id=2882658082"
"118","3642283470","Old_K-Unit_2.mod","Old K-Unit Models (and world spawns)","Driftmetal Remnants.mod","https://steamcommunity.com/sharedfiles/filedetails/?id=3642283470"
"119","3792417331","ChildrenOfKenshi.mod","Children of Kenshi","","https://steamcommunity.com/sharedfiles/filedetails/?id=3792417331"
"120","2995392324","Young_Shek.mod","Young Shek","","https://steamcommunity.com/sharedfiles/filedetails/?id=2995392324"
"121","1909887188","Dark Hive.mod","Dark Hive","","https://steamcommunity.com/sharedfiles/filedetails/?id=1909887188"
"122","1912545993","Dark Hive_Gloweye addon.mod","Dark Hive - Glow Eyes addon","Dark Hive.mod","https://steamcommunity.com/sharedfiles/filedetails/?id=1912545993"
"123","2023017669","Dark Hive_Queens Squad Extension.mod","Dark Hive - queens squad extension","Dark Hive.mod","https://steamcommunity.com/sharedfiles/filedetails/?id=2023017669"
"124","2545328388","Radiant Ancient Hive.mod","Radiant Primordial Hive","","https://steamcommunity.com/sharedfiles/filedetails/?id=2545328388"
"125","2702675879","Radiant Primordial Hive - Praetorian Patch.mod","Radiant Primordial Hive - Praetorian Patch","Radiant Ancient Hive.mod","https://steamcommunity.com/sharedfiles/filedetails/?id=2702675879"
"126","2457830380","Hive Cybernetics.mod","Hive Cybernetics","","https://steamcommunity.com/sharedfiles/filedetails/?id=2457830380"
"127","2989328394","[3.2]--------------------(Race edits).mod","[3.2] MOD ORGANIZER (Race edits)","","https://steamcommunity.com/sharedfiles/filedetails/?id=2989328394"
"128","3792126203","BetterPhysics.mod","Better Physics","","https://steamcommunity.com/sharedfiles/filedetails/?id=3792126203"
"129","3791565594","FallDamage.mod","Realistic Falls","","https://steamcommunity.com/sharedfiles/filedetails/?id=3791565594"
"130","1581929438","shoppingecon.mod","Enhanced Shopping Economy","","https://steamcommunity.com/sharedfiles/filedetails/?id=1581929438"
"131","2408584934","Hive Soldiers++.mod","Hive Soldiers++","","https://steamcommunity.com/sharedfiles/filedetails/?id=2408584934"
"132","1674456026","Relatable Bandits.mod","Relatable Bandits","","https://steamcommunity.com/sharedfiles/filedetails/?id=1674456026"
"133","2989328938","[3.3]--------------------(Hair and Body).mod","[3.3] MOD ORGANIZER (Hair and Body)","","https://steamcommunity.com/sharedfiles/filedetails/?id=2989328938"
"134","3800922376","BodyMorphCap.mod","BodyMorphCap","","https://steamcommunity.com/sharedfiles/filedetails/?id=3800922376"
"135","1671502407","Community Part Map.mod","Community Part Map","","https://steamcommunity.com/sharedfiles/filedetails/?id=1671502407"
"136","2957301378","REALISTIC BLOOD RETEX.mod","Realistic Blood ReTex","","https://steamcommunity.com/sharedfiles/filedetails/?id=2957301378"
"137","3512402482","Tribal Hiver Face Paint.mod","Tribal Hiver Face Paint","","https://steamcommunity.com/sharedfiles/filedetails/?id=3512402482"
"138","3526536376","CBT Horse Facepaint for all Shek.mod","Horse's Facepaint for All Shek","","https://steamcommunity.com/sharedfiles/filedetails/?id=3526536376"
"139","3669659980","RadiantFacesHN.mod","Radiant Faces Expanded","","https://steamcommunity.com/sharedfiles/filedetails/?id=3669659980"
"140","2798970824","SheeshSkins x MaleGreenlanderFace.mod","SheeshSkins x MaleGreenLanderFaces","","https://steamcommunity.com/sharedfiles/filedetails/?id=2798970824"
"141","2802013872","SheeshSkins x FemaleGreenlanderFace.mod","SheeshSkins x FemaleGreenLanderFaces","","https://steamcommunity.com/sharedfiles/filedetails/?id=2802013872"
"142","2815799376","SheeshSkins x FemaleScorchlanderFace.mod","SheeshSkins x FemaleScorchLanderFaces","","https://steamcommunity.com/sharedfiles/filedetails/?id=2815799376"
"143","3354551586","Many More Beards.mod","Many More Beards","","https://steamcommunity.com/sharedfiles/filedetails/?id=3354551586"
"144","3358288516","Many More Hairs.mod","Many More Hairs","","https://steamcommunity.com/sharedfiles/filedetails/?id=3358288516"
"145","2862389853","[4]----------[Game Starts, Minor NPC, Animals]----------.mod","[4] Mod Organizer [Game Starts, Minor NPC, Animals]","","https://steamcommunity.com/sharedfiles/filedetails/?id=2862389853"
"146","2989329260","[4.1]--------------------(Game Starts).mod","[4.1] MOD ORGANIZER (Game Starts)","","https://steamcommunity.com/sharedfiles/filedetails/?id=2989329260"
"147","3726744964","QuickerGameStartSelection.mod","Choose Your Beginning Quicker (RE_Kenshi)","","https://steamcommunity.com/sharedfiles/filedetails/?id=3726744964"
"148","2701536008","Wander Set Seed.mod","Wanderer Start Select Location","","https://steamcommunity.com/sharedfiles/filedetails/?id=2701536008"
"149","2980075668","SimpleCannibalism.mod","Simple Cannibalism","","https://steamcommunity.com/sharedfiles/filedetails/?id=2980075668"
"150","3147405305","Brotherhood of Flesh.mod","Brotherhood of Flesh","","https://steamcommunity.com/sharedfiles/filedetails/?id=3147405305"
"151","1634761143","Farmers Start.mod","Farmers Start","","https://steamcommunity.com/sharedfiles/filedetails/?id=1634761143"
"152","1634517122","Ideal Fortress Start.mod","Ideal Fortress Start","","https://steamcommunity.com/sharedfiles/filedetails/?id=1634517122"
"153","1873615551","Lore Starts.mod","Lore Starts","","https://steamcommunity.com/sharedfiles/filedetails/?id=1873615551"
"154","3164469754","STARTS STARTS AND MORE STARTS ENGLISH TRAD.mod","(EN) STARTS STARTS AND MORE STARTS (Discontinued)","","https://steamcommunity.com/sharedfiles/filedetails/?id=3164469754"
"155","3301821744","Defeated Raider.mod","Defeated Raider Start","","https://steamcommunity.com/sharedfiles/filedetails/?id=3301821744"
"156","3425904618","Fractured Bonds by Calis_.mod","Fractured Bonds Start (armless/legless game start)","","https://steamcommunity.com/sharedfiles/filedetails/?id=3425904618"
"157","3438291051","Simple Game Starts - Shinobi Thief [Solo].mod","Simple Game Starts - Solo Shinobi","","https://steamcommunity.com/sharedfiles/filedetails/?id=3438291051"
"158","3542894856","Random Senario Start.mod","Random Scenario Start","","https://steamcommunity.com/sharedfiles/filedetails/?id=3542894856"
"159","3400383335","Wanted Men Start.mod","Wanted Men Start","","https://steamcommunity.com/sharedfiles/filedetails/?id=3400383335"
"160","2989329571","[4.2]--------------------(Recruits).mod","[4.2] MOD ORGANIZER (Recruits)","","https://steamcommunity.com/sharedfiles/filedetails/?id=2989329571"
"161","1868510176","Unique Recruits Traditional Colors.mod","Unique Recruits - Traditional Colors","","https://steamcommunity.com/sharedfiles/filedetails/?id=1868510176"
"162","2827073163","Griffin Unbounded.mod","Griffin Unbounded","","https://steamcommunity.com/sharedfiles/filedetails/?id=2827073163"
"163","1905375743","Strangers and Freaks.mod","Strangers and Freaks","","https://steamcommunity.com/sharedfiles/filedetails/?id=1905375743"
"164","3029882586","Strangers and Freaks Fix.mod","Strangers and Freaks FIX Patch","Strangers and Freaks.mod","https://steamcommunity.com/sharedfiles/filedetails/?id=3029882586"
"165","3231508723","Band of Exiles.mod","Band of Rejects - New Recruits","","https://steamcommunity.com/sharedfiles/filedetails/?id=3231508723"
"166","1892771436","Weird recruit.mod","Weird Recruits!","","https://steamcommunity.com/sharedfiles/filedetails/?id=1892771436"
"167","2656573785","Armor & Weapon Smith Recruits.mod","Weapon & Armour Smith Recruits","","https://steamcommunity.com/sharedfiles/filedetails/?id=2656573785"
"168","3402016932","Armor & Weapon Smith Recruits Fix.mod","Weapon & Armour Smith Recruits - Tweaks","Armor & Weapon Smith Recruits.mod","https://steamcommunity.com/sharedfiles/filedetails/?id=3402016932"
"169","1804557170","Danny Boy.mod","Daniel will follow YOU: A Kenshi Mod","","https://steamcommunity.com/sharedfiles/filedetails/?id=1804557170"
"170","2823662744","Wandering Swordmen.mod","Wandering Rival (1.0)","","https://steamcommunity.com/sharedfiles/filedetails/?id=2823662744"
"171","1901387834","Race_Flying machine.mod","Race - Iron drone","","https://steamcommunity.com/sharedfiles/filedetails/?id=1901387834"
"172","1414840021","add_hive_mutant.mod","Add Hive Mutant","","https://steamcommunity.com/sharedfiles/filedetails/?id=1414840021"
"173","2986678525","Boop.mod","Boop","","https://steamcommunity.com/sharedfiles/filedetails/?id=2986678525"
"174","2990213939","Baap.mod","Baap","","https://steamcommunity.com/sharedfiles/filedetails/?id=2990213939"
"175","2752335750","Workshop Severin Instagram ENG.mod","Razor Boss (ENGLISH)Ver.","","https://steamcommunity.com/sharedfiles/filedetails/?id=2752335750"
"176","2973537321","CBT Personality Test.mod","Personality Test","","https://steamcommunity.com/sharedfiles/filedetails/?id=2973537321"
"177","3776339933","MotokoTheHuntress.mod","Motoko The Huntress","","https://steamcommunity.com/sharedfiles/filedetails/?id=3776339933"
"178","3776589448","MysteriousWanderer.mod","The Mysterious Wanderer","","https://steamcommunity.com/sharedfiles/filedetails/?id=3776589448"
"179","2989329900","[4.3]--------------------(Animals).mod","[4.3] MOD ORGANIZER (Animals)","","https://steamcommunity.com/sharedfiles/filedetails/?id=2989329900"
"180","3469435966","Symbiosis.mod","Symbiosis: An Animal Overhaul","","https://steamcommunity.com/sharedfiles/filedetails/?id=3469435966"
"181","2543174982","Radiant Animal Sub Species.mod","Radiant New Animal Subspecies","","https://steamcommunity.com/sharedfiles/filedetails/?id=2543174982"
"182","1742844278","TIHYD_Zoo.mod","TIHYD_ZOO","","https://steamcommunity.com/sharedfiles/filedetails/?id=1742844278"
"183","1774930987","Aminals.mod","Animals, Animals, All Kinds of Animals","","https://steamcommunity.com/sharedfiles/filedetails/?id=1774930987"
"184","3665236115","Aminals - Ogre Fix.mod","All Kinds Of Animals - Beak Ogre Lair Fix","Aminals.mod","https://steamcommunity.com/sharedfiles/filedetails/?id=3665236115"
"185","2853641828","Animal Variations.mod","Animal Variety","","https://steamcommunity.com/sharedfiles/filedetails/?id=2853641828"
"186","2199951519","Colorfull Animals.mod","More Animal Colors :D","","https://steamcommunity.com/sharedfiles/filedetails/?id=2199951519"
"187","2377416273","More Dogs.mod","More Dogs","","https://steamcommunity.com/sharedfiles/filedetails/?id=2377416273"
"188","1984488434","Subspecies.mod","Wildlife+ [Crocuta]","","https://steamcommunity.com/sharedfiles/filedetails/?id=1984488434"
"189","2626756945","My Custom Animals.mod","Swamp Things? Beak Turtles?","","https://steamcommunity.com/sharedfiles/filedetails/?id=2626756945"
"190","1140742609","Great Beak Things.mod","Great Beak Things","","https://steamcommunity.com/sharedfiles/filedetails/?id=1140742609"
"191","1636453468","Skimmer Broods.mod","Skimmer Broods","","https://steamcommunity.com/sharedfiles/filedetails/?id=1636453468"
"192","2841985339","Green Crab.mod","Moss Crabs for The Swamp","","https://steamcommunity.com/sharedfiles/filedetails/?id=2841985339"
"193","1729572902","Grievewraiths.mod","Grievewraiths","","https://steamcommunity.com/sharedfiles/filedetails/?id=1729572902"
"194","2576769041","Waste Fiends - Creature mod.mod","Waste Fiends: Creature Mod","","https://steamcommunity.com/sharedfiles/filedetails/?id=2576769041"
"195","3685172370","Hapless's Waste Creatures.mod","Hapless Legacy, Tyrants, Fiends, Iron Fortress","","https://steamcommunity.com/sharedfiles/filedetails/?id=3685172370"
"196","1466346198","Mech-Leviathan.mod","Mech Leviathans","","https://steamcommunity.com/sharedfiles/filedetails/?id=1466346198"
"197","1754874175","Iron Skimmer.mod","Iron Skimmer Simple Ver.","","https://steamcommunity.com/sharedfiles/filedetails/?id=1754874175"
"198","2341328587","Wheel Spider.mod","Wheel Spider  Simple Ver.","","https://steamcommunity.com/sharedfiles/filedetails/?id=2341328587"
"199","1384575477","ScarierSpiders.mod","Scarier Security Spiders","","https://steamcommunity.com/sharedfiles/filedetails/?id=1384575477"
"200","2027209856","ScarierSpiders - Fix Cannot Shoot.mod","ScarierSpiders - Fix Cannot Shoot","ScarierSpiders.mod","https://steamcommunity.com/sharedfiles/filedetails/?id=2027209856"
"201","1880118927","PAK_Unit.mod","Processor Unit - Robotic Pack Mule","","https://steamcommunity.com/sharedfiles/filedetails/?id=1880118927"
"202","2081631639","Sailback.mod","Sailbacks - Mechanical Beasts of Burden","PAK_Unit.mod","https://steamcommunity.com/sharedfiles/filedetails/?id=2081631639"
"203","2762658210","Tech hunter and sailback.mod","Tech Hunter and a Sailback Start","","https://steamcommunity.com/sharedfiles/filedetails/?id=2762658210"
"204","1867833366","Thrasher_Warbot.mod","Thrashers - New 'Old Machines' Enemy Type","","https://steamcommunity.com/sharedfiles/filedetails/?id=1867833366"
"205","2873643761","Thrasher Sultan Seller.mod","Skeleton Sultans Plus","Sailback.mod; Thrasher_Warbot.mod","https://steamcommunity.com/sharedfiles/filedetails/?id=2873643761"
"206","1902587786","Blood Carrier.mod","Blood Carrier","","https://steamcommunity.com/sharedfiles/filedetails/?id=1902587786"
"207","2856769839","Iron_Hounds.mod","Iron Hounds","","https://steamcommunity.com/sharedfiles/filedetails/?id=2856769839"
"208","3255985177","Iron Wasp.mod","Iron Wasp","","https://steamcommunity.com/sharedfiles/filedetails/?id=3255985177"
"209","3406304963","Dreadnought Strider.mod","Dreadnought Strider","","https://steamcommunity.com/sharedfiles/filedetails/?id=3406304963"
"210","2549561183","Old_ironsides_merged.mod","Old Ironsides: Creature Mod","","https://steamcommunity.com/sharedfiles/filedetails/?id=2549561183"
"211","3701832256","Beam Thing Bot.mod","Beam Thing Bot","","https://steamcommunity.com/sharedfiles/filedetails/?id=3701832256"
"212","2989330291","[4.4]--------------------(Animal Items).mod","[4.4] MOD ORGANIZER (Animal Items)","","https://steamcommunity.com/sharedfiles/filedetails/?id=2989330291"
"213","3282759164","BBGoatsBeastforge.mod","BBgoat's Beastforge","","https://steamcommunity.com/sharedfiles/filedetails/?id=3282759164"
"214","3292118549","BBgoatsBeastforge_worldadditions.mod","Beastforge world additions","","https://steamcommunity.com/sharedfiles/filedetails/?id=3292118549"
"215","2815452264","Grazing.mod","Grazing and Animal Fodder","","https://steamcommunity.com/sharedfiles/filedetails/?id=2815452264"
"216","2488646239","Dog Scarf.mod","Dog Scarf","","https://steamcommunity.com/sharedfiles/filedetails/?id=2488646239"
"217","2456812128","Beak_Thing_Scarf.mod","Beak Thing Scarf","","https://steamcommunity.com/sharedfiles/filedetails/?id=2456812128"
"218","3354458433","Leather Bag for Dogs.mod","Leather Backpack/Armour for Bonedogs","","https://steamcommunity.com/sharedfiles/filedetails/?id=3354458433"
"219","1361677042","GreatDirewolf.mod","The Armoured Direwolf","","https://steamcommunity.com/sharedfiles/filedetails/?id=1361677042"
"220","3227304234","Armoured Direwolf - Chainmail version.mod","Armoured Direwolf - Chainmail version","GreatDirewolf.mod","https://steamcommunity.com/sharedfiles/filedetails/?id=3227304234"
"221","3238799616","bull armor.mod","【2333】Bull armor","","https://steamcommunity.com/sharedfiles/filedetails/?id=3238799616"
"222","3261189606","Swamp Turtle Harness.mod","Swamp Turtle Harness","","https://steamcommunity.com/sharedfiles/filedetails/?id=3261189606"
"223","1545903542","Crabarmor Dog Pack.mod","Bonedoglett Crab Armour","","https://steamcommunity.com/sharedfiles/filedetails/?id=1545903542"
"224","3752962075","MN_Pet Ashland Hat.mod","Ashlands Gentleman's Lantern Set [For Common Pet]","","https://steamcommunity.com/sharedfiles/filedetails/?id=3752962075"
"225","2862389936","[5]----------[Faction edits, Minor Faction, Bounties]----------.mod","[5] Mod Organizer [Faction edits, Minor Faction, Bounties]","","https://steamcommunity.com/sharedfiles/filedetails/?id=2862389936"
"226","2989330752","[5.1]--------------------(Faction Additions).mod","[5.1] MOD ORGANIZER (Faction Additions)","","https://steamcommunity.com/sharedfiles/filedetails/?id=2989330752"
"227","2209191332","Player Faction Color 9 (UWE).mod","Player Faction Color 9 (UWE)","","https://steamcommunity.com/sharedfiles/filedetails/?id=2209191332"
"228","3703057954","Persistent_Palettes.mod","Persistent Palettes","","https://steamcommunity.com/sharedfiles/filedetails/?id=3703057954"
"229","2486101195","No raids for small bases.mod","No Raids for Small Bases","","https://steamcommunity.com/sharedfiles/filedetails/?id=2486101195"
"230","2129920462","Shinobi Thieves - Repair Relations.mod","Shinobi Thieves - Repair Relations","","https://steamcommunity.com/sharedfiles/filedetails/?id=2129920462"
"231","3047251618","2PN8ShinobiTrader.mod","Shinobi Thieves Enhanced","","https://steamcommunity.com/sharedfiles/filedetails/?id=3047251618"
"232","3596735113","shinobipassport.mod","Shinobi Passport!","","https://steamcommunity.com/sharedfiles/filedetails/?id=3596735113"
"233","3762268939","Ally Mongrel.mod","Ally Mongrel - The Fog Hunters Expansion","","https://steamcommunity.com/sharedfiles/filedetails/?id=3762268939"
"234","3516727153","Social Lives (Holy Nation) ENG.mod","Social lives (Holy Nation) ENG","","https://steamcommunity.com/sharedfiles/filedetails/?id=3516727153"
"235","3517431921","Social lives (Hive) ENG.mod","Social lives (Western Hive) ENG","","https://steamcommunity.com/sharedfiles/filedetails/?id=3517431921"
"236","3543597889","Social lives (United Cities) ENG.mod","Social lives (United Cities) ENG","","https://steamcommunity.com/sharedfiles/filedetails/?id=3543597889"
"237","3775632320","Live Streets ENG.mod","Live Streets ENG","","https://steamcommunity.com/sharedfiles/filedetails/?id=3775632320"
"238","3624716736","City Tax Collector.mod","City Tax Collectors","","https://steamcommunity.com/sharedfiles/filedetails/?id=3624716736"
"239","2465657905","HungerWars.mod","Hunger Wars","","https://steamcommunity.com/sharedfiles/filedetails/?id=2465657905"
"240","2821819752","Bandit Livestock.mod","Bandit Livestock","","https://steamcommunity.com/sharedfiles/filedetails/?id=2821819752"
"241","2783367602","Holy Scorchlanders.mod","Holy Scorchlanders","","https://steamcommunity.com/sharedfiles/filedetails/?id=2783367602"
"242","3552302267","More Workmen.mod","More Workers","","https://steamcommunity.com/sharedfiles/filedetails/?id=3552302267"
"243","3554985969","Market Stalls Pretend Work.mod","Market Stalls Pretend Work","","https://steamcommunity.com/sharedfiles/filedetails/?id=3554985969"
"244","3593780516","Cannibal Pretend Work.mod","Cannibal Pretend Work & Hut Sheltering","","https://steamcommunity.com/sharedfiles/filedetails/?id=3593780516"
"245","775181254","Faction Caravans.mod","Faction Caravans","","https://steamcommunity.com/sharedfiles/filedetails/?id=775181254"
"246","3536420861","Fort Mirage Expanded V2.mod","Fort Mirage Expanded V2","","https://steamcommunity.com/sharedfiles/filedetails/?id=3536420861"
"247","3529094511","Exile Camp Expanded.mod","Exile Camp Expanded","","https://steamcommunity.com/sharedfiles/filedetails/?id=3529094511"
"248","3571988378","Expedition 5 Expanded.mod","Expedition 5 Expanded","","https://steamcommunity.com/sharedfiles/filedetails/?id=3571988378"
"249","3568429091","Eyesocket Expanded.mod","Eyesocket Expanded","","https://steamcommunity.com/sharedfiles/filedetails/?id=3568429091"
"250","3571922523","Free Settlement Expanded.mod","Free Settlement Expanded","","https://steamcommunity.com/sharedfiles/filedetails/?id=3571922523"
"251","3571958033","Secret Drug Farm Expanded.mod","Secret Drug Farm Expanded","","https://steamcommunity.com/sharedfiles/filedetails/?id=3571958033"
"252","1872720272","Lost Armoury Loot and Difficulty Enhancements.mod","Lost Armoury Loot and Difficulty Enhancements","","https://steamcommunity.com/sharedfiles/filedetails/?id=1872720272"
"253","3765537757","Bugmaster Lab.mod","Bugmaster's Lab","","https://steamcommunity.com/sharedfiles/filedetails/?id=3765537757"
"254","2989331454","[5.2]--------------------(Minor Factions).mod","[5.2] MOD ORGANIZER (Minor Factions)","","https://steamcommunity.com/sharedfiles/filedetails/?id=2989331454"
"255","2350361266","Skull Collectors.mod","Skull Collectors","","https://steamcommunity.com/sharedfiles/filedetails/?id=2350361266"
"256","1883150676","Desert divers.mod","Desert Divers","","https://steamcommunity.com/sharedfiles/filedetails/?id=1883150676"
"257","1401033215","Adventurers Guild - Lore Friendly Recruitment.mod","Adventurers Guild - Lore Friendly Recruitment","","https://steamcommunity.com/sharedfiles/filedetails/?id=1401033215"
"258","1432300505","Guild of Surgeons.mod","Guild of Surgeons","","https://steamcommunity.com/sharedfiles/filedetails/?id=1432300505"
"259","3083028536","Resort Island.mod","New Town: Resort Island","","https://steamcommunity.com/sharedfiles/filedetails/?id=3083028536"
"260","3529011767","Resort Island TWEAKS.mod","New Town: Resort Island TWEAKS","Resort Island.mod","https://steamcommunity.com/sharedfiles/filedetails/?id=3529011767"
"261","3540065058","Resort Island Liberation.mod","Anti-slavers Liberate the Resort Island!","Resort Island.mod","https://steamcommunity.com/sharedfiles/filedetails/?id=3540065058"
"262","2794991246","Rogue2.mod","Rogue - Shun Settlement (v1)","","https://steamcommunity.com/sharedfiles/filedetails/?id=2794991246"
"263","2520806893","Town of Shem.mod","The town of Shem","","https://steamcommunity.com/sharedfiles/filedetails/?id=2520806893"
"264","3800586219","Leviathan Ronin (Reloaded).mod","Leviathan Ronin (Reloaded)","","https://steamcommunity.com/sharedfiles/filedetails/?id=3800586219"
"265","2989331691","[5.3]--------------------(Bounties).mod","[5.3] MOD ORGANIZER (Bounties)","","https://steamcommunity.com/sharedfiles/filedetails/?id=2989331691"
"266","2467997525","Fog Hunt.mod","Fog Hunt","","https://steamcommunity.com/sharedfiles/filedetails/?id=2467997525"
"267","748303762","More Bountys.mod","More Bounties","","https://steamcommunity.com/sharedfiles/filedetails/?id=748303762"
"268","1697795235","Bounties.mod","Expanded Bounties","","https://steamcommunity.com/sharedfiles/filedetails/?id=1697795235"
"269","1847415563","Bounties Galore.mod","Bounties Galore!","","https://steamcommunity.com/sharedfiles/filedetails/?id=1847415563"
"270","2862391014","[6]----------[Buildings]----------.mod","[6] Mod Organizer [Buildings]","","https://steamcommunity.com/sharedfiles/filedetails/?id=2862391014"
"271","2989331931","[6.1]--------------------(Building Edits).mod","[6.1] MOD ORGANIZER (Building Edits)","","https://steamcommunity.com/sharedfiles/filedetails/?id=2989331931"
"272","3730136323","GatePushFix.mod","Gate Push Fix (RE_Kenshi)","","https://steamcommunity.com/sharedfiles/filedetails/?id=3730136323"
"273","2857778858","Working Slave Camp.mod","Working Slave Camps","","https://steamcommunity.com/sharedfiles/filedetails/?id=2857778858"
"274","3267999192","Power Station Occupation.mod","Power Station Occupation","","https://steamcommunity.com/sharedfiles/filedetails/?id=3267999192"
"275","3611115622","Hydroponic Station Habitation.mod","Hydroponic Station Habitation","","https://steamcommunity.com/sharedfiles/filedetails/?id=3611115622"
"276","2927428406","Radiant Buildings Textures Tweaks.mod","Radiant Building Texture Tweaks","","https://steamcommunity.com/sharedfiles/filedetails/?id=2927428406"
"277","3544964344","MoreSmoke.mod","More Smoke","","https://steamcommunity.com/sharedfiles/filedetails/?id=3544964344"
"278","2997069341","Extra Node.mod","Extra Node","","https://steamcommunity.com/sharedfiles/filedetails/?id=2997069341"
"279","2610399054","Metal Framework.mod","Metal Framework for Construction","","https://steamcommunity.com/sharedfiles/filedetails/?id=2610399054"
"280","2630297663","Grid Tool.mod","Grid Tool","","https://steamcommunity.com/sharedfiles/filedetails/?id=2630297663"
"281","3715230445","BetterBuildingPreview.mod","BetterBuildingPreview","","https://steamcommunity.com/sharedfiles/filedetails/?id=3715230445"
"282","3777996002","RE_KeepInterior.mod","RE_KeepInterior","","https://steamcommunity.com/sharedfiles/filedetails/?id=3777996002"
"283","3802290991","Work for Cats - Get Hired at NPC Workbenches.mod","Work for Cats - Get Hired at NPC Workbenches","","https://steamcommunity.com/sharedfiles/filedetails/?id=3802290991"
"284","3803980820","Rent Hous in Your Town Mod.mod","Rent Houses in Your Town [EN]","","https://steamcommunity.com/sharedfiles/filedetails/?id=3803980820"
"285","2989332191","[6.2]--------------------(Building Additions).mod","[6.2] MOD ORGANIZER (Building Additions)","","https://steamcommunity.com/sharedfiles/filedetails/?id=2989332191"
"286","2978531660","BetterLanterns.mod","Slightly Better Lanterns","","https://steamcommunity.com/sharedfiles/filedetails/?id=2978531660"
"287","2439659786","Tilted Spotlight.mod","Tilted Spotlight","","https://steamcommunity.com/sharedfiles/filedetails/?id=2439659786"
"288","1679230269","Forgotten Buildings.mod","Forgotten Buildings","","https://steamcommunity.com/sharedfiles/filedetails/?id=1679230269"
"289","1933601230","Forgotten Buildings - Reduced Texture Size.mod","Forgotten Buildings - Reduced Texture Size","","https://steamcommunity.com/sharedfiles/filedetails/?id=1933601230"
"290","2092285777","Forgotten Buildings - Stackable Storage.mod","Forgotten Buildings - Stackable Storage","Forgotten Buildings.mod","https://steamcommunity.com/sharedfiles/filedetails/?id=2092285777"
"291","2861093986","sideways wall ramp.mod","sideways wall ramp","","https://steamcommunity.com/sharedfiles/filedetails/?id=2861093986"
"292","2861436008","sideways wall ramp FB.mod","sideways wall ramp Forgotten Buildings Compatibility","sideways wall ramp.mod; Forgotten Buildings.mod","https://steamcommunity.com/sharedfiles/filedetails/?id=2861436008"
"293","2672839646","Flipped Buildings.mod","Flipped Buildings","","https://steamcommunity.com/sharedfiles/filedetails/?id=2672839646"
"294","3004525738","Extra Node for Flipped Buildings.mod","","Flipped Buildings.mod","https://steamcommunity.com/sharedfiles/filedetails/?id=3004525738"
"295","3626960583","Deep Foundations.mod","Deep Foundations","","https://steamcommunity.com/sharedfiles/filedetails/?id=3626960583"
"296","3768218659","Deep Foundations + Forgotten Buildings.mod","Deep Foundations + Forgotten Buildings Patch","Deep Foundations.mod","https://steamcommunity.com/sharedfiles/filedetails/?id=3768218659"
"297","3645025556","Deep Foundations for Flipped Buildings.mod","","","https://steamcommunity.com/sharedfiles/filedetails/?id=3645025556"
"298","3088787740","Advanced Outpost Buildings Plus.mod","Advanced Outpost Buildings Plus","","https://steamcommunity.com/sharedfiles/filedetails/?id=3088787740"
"299","3238644886","Storm Buildings Plus.mod","Stack House","","https://steamcommunity.com/sharedfiles/filedetails/?id=3238644886"
"300","3424639360","Traditional Japanese Buildings.mod","Traditional Japanese Buildings","","https://steamcommunity.com/sharedfiles/filedetails/?id=3424639360"
"301","3388178561","Box Stephouse.mod","Box Stephouse","","https://steamcommunity.com/sharedfiles/filedetails/?id=3388178561"
"302","1709038244","Metal Fencing.mod","Metal Fencing","","https://steamcommunity.com/sharedfiles/filedetails/?id=1709038244"
"303","2979680249","Storm Walls.mod","Storm Walls","","https://steamcommunity.com/sharedfiles/filedetails/?id=2979680249"
"304","3211917615","Concrete Block.mod","Concrete Block","","https://steamcommunity.com/sharedfiles/filedetails/?id=3211917615"
"305","3259750822","Interior Door.mod","Interior Door","","https://steamcommunity.com/sharedfiles/filedetails/?id=3259750822"
"306","2206798107","Weapon statue.mod","Weapon Statue","","https://steamcommunity.com/sharedfiles/filedetails/?id=2206798107"
"307","3037869796","Shek Statue.mod","Building | Esata The Stone Statue","","https://steamcommunity.com/sharedfiles/filedetails/?id=3037869796"
"308","2977716328","CBT Prison House.mod","Prison House","","https://steamcommunity.com/sharedfiles/filedetails/?id=2977716328"
"309","3795404540","CBT Barge House.mod","Barge House","","https://steamcommunity.com/sharedfiles/filedetails/?id=3795404540"
"310","2946110583","Better Storage System.mod","Better Storage System","","https://steamcommunity.com/sharedfiles/filedetails/?id=2946110583"
"311","1624491827","Useful Signs.mod","Useful Signs","","https://steamcommunity.com/sharedfiles/filedetails/?id=1624491827"
"312","3454564119","[6.2.1]--------------------[Camping Additions).mod","[6.2.1] MOD ORGANIZER: Camping Additions","","https://steamcommunity.com/sharedfiles/filedetails/?id=3454564119"
"313","2933606612","Less Early Raids.mod","Primitive Tech - Less Early Raids","","https://steamcommunity.com/sharedfiles/filedetails/?id=2933606612"
"314","2907370897","Survival Shelter.mod","Survival Shelter","","https://steamcommunity.com/sharedfiles/filedetails/?id=2907370897"
"315","3082785352","Survival shelter addon.mod","Repair bed and other additions for Deadmano’s Survival Shelter","Survival Shelter.mod","https://steamcommunity.com/sharedfiles/filedetails/?id=3082785352"
"316","3409623046","Nomad Shelter1.mod","Nomad Shelter","","https://steamcommunity.com/sharedfiles/filedetails/?id=3409623046"
"317","2860628221","Campfire with Stand.mod","Campfire with Stand","","https://steamcommunity.com/sharedfiles/filedetails/?id=2860628221"
"318","2381564824","PrimitiveMill.mod","Stone Mill - make flour inside","","https://steamcommunity.com/sharedfiles/filedetails/?id=2381564824"
"319","2550832666","Mud and Clay.mod","Primitive Techs – Mud and Clay","","https://steamcommunity.com/sharedfiles/filedetails/?id=2550832666"
"320","2977088212","Porta-Medicrate.mod","Porta-Medicrate: Medkit Consolidation on the Go!","","https://steamcommunity.com/sharedfiles/filedetails/?id=2977088212"
"321","2977102089","Crossbow Bolt Stackinator.mod","Porta-Boltbox: Bolt Stackinator on the Go","","https://steamcommunity.com/sharedfiles/filedetails/?id=2977102089"
"322","2563788360","Portable Crossbow Turret kit.mod","Portable Crossbow Turret kit","","https://steamcommunity.com/sharedfiles/filedetails/?id=2563788360"
"323","1093991431","PortableCots.mod","Portable Cots","","https://steamcommunity.com/sharedfiles/filedetails/?id=1093991431"
"324","3508628566","CBT Execution Muffler.mod","Camp Gear - Execution Muffler - Kill Enemies on the Go","","https://steamcommunity.com/sharedfiles/filedetails/?id=3508628566"
"325","2989332481","[6.3]--------------------(Furnitures).mod","[6.3] MOD ORGANIZER (Furnitures)","","https://steamcommunity.com/sharedfiles/filedetails/?id=2989332481"
"326","1783761373","Clutter.mod","Clutter","","https://steamcommunity.com/sharedfiles/filedetails/?id=1783761373"
"327","1723218773","Random Furniture.mod","Random Furniture","","https://steamcommunity.com/sharedfiles/filedetails/?id=1723218773"
"328","1871526616","Interior Plus.mod","Interior Plus","","https://steamcommunity.com/sharedfiles/filedetails/?id=1871526616"
"329","3784278965","Interior Plus - Exterior Edition.mod","Exterior Plus","Interior Plus.mod","https://steamcommunity.com/sharedfiles/filedetails/?id=3784278965"
"330","2434612705","Glass Furnitures.mod","Glass Furniture","","https://steamcommunity.com/sharedfiles/filedetails/?id=2434612705"
"331","1891509749","CMGlassPartition.mod","CMGlassPartition","","https://steamcommunity.com/sharedfiles/filedetails/?id=1891509749"
"332","3410004376","Traditional Japanese Interiors.mod","Traditional Japanese Interiors","","https://steamcommunity.com/sharedfiles/filedetails/?id=3410004376"
"333","3400928023","CBT Room Dividers.mod","Interior Walls/Room Dividers","","https://steamcommunity.com/sharedfiles/filedetails/?id=3400928023"
"334","2348103277","CBT Cozy Furniture.mod","Cozy Furniture","","https://steamcommunity.com/sharedfiles/filedetails/?id=2348103277"
"335","2817703165","CBT Faction Furniture.mod","Faction Furniture","","https://steamcommunity.com/sharedfiles/filedetails/?id=2817703165"
"336","2817730473","CBT Cozy-Faction Furniture Patch.mod","Cozy Furniture -  Faction Furniture Compatibility Patch","CBT Faction Furniture.mod","https://steamcommunity.com/sharedfiles/filedetails/?id=2817730473"
"337","2910649298","CBT Leisure Objects and Furniture.mod","Leisure Objects and Furniture","","https://steamcommunity.com/sharedfiles/filedetails/?id=2910649298"
"338","2784991207","Lively Bars.mod","Lively Bars","","https://steamcommunity.com/sharedfiles/filedetails/?id=2784991207"
"339","3005700635","Lively Bars Fix.mod","Lively Bars Fix","Lively Bars.mod","https://steamcommunity.com/sharedfiles/filedetails/?id=3005700635"
"340","2958858817","Shower in the bar.mod","Shower in the bar","CMKillingTime.mod","https://steamcommunity.com/sharedfiles/filedetails/?id=2958858817"
"341","1589668839","Crucifixion.mod","Crucifixion","","https://steamcommunity.com/sharedfiles/filedetails/?id=1589668839"
"342","1986136305","CMDarkside.mod","CMDarkside","","https://steamcommunity.com/sharedfiles/filedetails/?id=1986136305"
"343","2117625005","CMDarksideAddOn.mod","CMDarksideAddOn","","https://steamcommunity.com/sharedfiles/filedetails/?id=2117625005"
"344","3409601563","Sleepe well.mod","Sleepe well","","https://steamcommunity.com/sharedfiles/filedetails/?id=3409601563"
"345","2941508677","Little Garden.mod","Little Garden","","https://steamcommunity.com/sharedfiles/filedetails/?id=2941508677"
"346","3055506146","Aquarium.mod",".*･ﾟ.A Q U A R I U M.ﾟ･*.","","https://steamcommunity.com/sharedfiles/filedetails/?id=3055506146"
"347","1811017802","Cuddling.mod","Cuddling and More","","https://steamcommunity.com/sharedfiles/filedetails/?id=1811017802"
"348","3047268148","2PN8Beds.mod","Advanced Medical Beds","","https://steamcommunity.com/sharedfiles/filedetails/?id=3047268148"
"349","1408051707","MedicalBeds.mod","Medical Beds (faster healing new beds)","","https://steamcommunity.com/sharedfiles/filedetails/?id=1408051707"
"350","2371365498","Auto-Doc.mod","Auto-Doc","","https://steamcommunity.com/sharedfiles/filedetails/?id=2371365498"
"351","3326328454","Lolu_Table_Figures.mod","Table Figures","","https://steamcommunity.com/sharedfiles/filedetails/?id=3326328454"
"352","2989332832","[6.4]--------------------(Craft Stations).mod","[6.4] MOD ORGANIZER (Craft Stations)","","https://steamcommunity.com/sharedfiles/filedetails/?id=2989332832"
"353","3487127815","VerticalGeneratorEasy.mod","Vertical Generator (OCD + Amplification Compatibility!)","","https://steamcommunity.com/sharedfiles/filedetails/?id=3487127815"
"354","3267313754","SuperWell.mod","SUPERWELL!!!","","https://steamcommunity.com/sharedfiles/filedetails/?id=3267313754"
"355","2761762099","2PN8MoistureFarmingEnhanced.mod","Moisture Farming Enhanced","","https://steamcommunity.com/sharedfiles/filedetails/?id=2761762099"
"356","2761892757","2PN8BackpackCraftingPlus.mod","Backpack Crafting Redux","","https://steamcommunity.com/sharedfiles/filedetails/?id=2761892757"
"357","2266434401","Amputation Table.mod","Amputation Table Tech (Slightly Altered Peeler)","","https://steamcommunity.com/sharedfiles/filedetails/?id=2266434401"
"358","2899477734","CBT Surgical Med Bay.mod","Surgical Med Bay (Peeler Reskin)","","https://steamcommunity.com/sharedfiles/filedetails/?id=2899477734"
"359","3275748898","RackingResearch.mod","Racking Researchers","","https://steamcommunity.com/sharedfiles/filedetails/?id=3275748898"
"360","1378084218","Prisoner_Food.mod","Prisoner Food","","https://steamcommunity.com/sharedfiles/filedetails/?id=1378084218"
"361","1902172624","CMGrave.mod","CMGrave","","https://steamcommunity.com/sharedfiles/filedetails/?id=1902172624"
"362","3012975633","Coffin.mod","BURY THE DEAD - Corpse Burials and Caskets","","https://steamcommunity.com/sharedfiles/filedetails/?id=3012975633"
"363","3637746247","Tombs and Memorialization.mod","Tombs and Memorialization","","https://steamcommunity.com/sharedfiles/filedetails/?id=3637746247"
"364","2982857108","Believer + Book Craft.mod","Scholar: A book-crafting and Introspection Mod","","https://steamcommunity.com/sharedfiles/filedetails/?id=2982857108"
"365","3765665320","Craftable Ancient Tech.mod","Craftable Ancient Tech","","https://steamcommunity.com/sharedfiles/filedetails/?id=3765665320"
"366","2823979223","deathstill.mod","Death Still","","https://steamcommunity.com/sharedfiles/filedetails/?id=2823979223"
"367","1190939507","Modded Furnace.mod","Smarter Furnaces","","https://steamcommunity.com/sharedfiles/filedetails/?id=1190939507"
"368","3607509354","Lolu_Leather_Expansion.mod","Leather Expansion: Leathercraft","","https://steamcommunity.com/sharedfiles/filedetails/?id=3607509354"
"369","3008814286","ServingAlcoholAndHashish.mod","Serving Alcohol and Hashish","","https://steamcommunity.com/sharedfiles/filedetails/?id=3008814286"
"370","2060833183","Weapon Smith Training.mod","Weapon Smith Training while Making Iron Plates","","https://steamcommunity.com/sharedfiles/filedetails/?id=2060833183"
"371","2184216154","Pizza_Time.mod","Pizza Craft","","https://steamcommunity.com/sharedfiles/filedetails/?id=2184216154"
"372","2991344185","Fishwich.mod","Fishwich","","https://steamcommunity.com/sharedfiles/filedetails/?id=2991344185"
"373","725018929","BeakThingEggFoods.mod","Food from Beak Thing Eggs - OmuRice & Tamagoyaki","","https://steamcommunity.com/sharedfiles/filedetails/?id=725018929"
"374","3724393878","BeakThingEggRecipes.mod","Beak Thing Egg Food Recipes","","https://steamcommunity.com/sharedfiles/filedetails/?id=3724393878"
"375","3028749067","gastronom.mod","Gastronome mod RUS / Гастромод","","https://steamcommunity.com/sharedfiles/filedetails/?id=3028749067"
"376","3308294479","gastrokaktus.mod","Производства из кактуса - новые блюда и уксус","","https://steamcommunity.com/sharedfiles/filedetails/?id=3308294479"
"377","3145237928","gastronomecookies.mod","Выпечка - дополнение к Гастромоду RUS","","https://steamcommunity.com/sharedfiles/filedetails/?id=3145237928"
"378","2062901273","Hesh's Hive Cooking.mod","Hesh's Hive Cooking","","https://steamcommunity.com/sharedfiles/filedetails/?id=2062901273"
"379","2217453795","Shek Desert Grub.mod","Shek Desert Grub","","https://steamcommunity.com/sharedfiles/filedetails/?id=2217453795"
"380","3636817228","Buzzing.mod","养蜂业/Beekeeping","","https://steamcommunity.com/sharedfiles/filedetails/?id=3636817228"
"381","3640746815","Buzzing EN.mod","养蜂业/Beekeeping EN","Buzzing.mod","https://steamcommunity.com/sharedfiles/filedetails/?id=3640746815"
"382","3531697394","Mollusk Meat.mod","Mollusks","","https://steamcommunity.com/sharedfiles/filedetails/?id=3531697394"
"383","3532271931","Greenfruit Hooch.mod","Greenfruit Hooch","","https://steamcommunity.com/sharedfiles/filedetails/?id=3532271931"
"384","3766924440","CBT Coconut Farm.mod","Coconut Farm","","https://steamcommunity.com/sharedfiles/filedetails/?id=3766924440"
"385","2989333054","[6.5]--------------------(Gym).mod","[6.5] MOD ORGANIZER (Gym)","","https://steamcommunity.com/sharedfiles/filedetails/?id=2989333054"
"386","2407934699","Sensible Training.mod","Sensible Training - A Training Dummy Overhaul","","https://steamcommunity.com/sharedfiles/filedetails/?id=2407934699"
"387","1538488233","Strength Training Equipment.mod","Weight Bench - Strength Training","","https://steamcommunity.com/sharedfiles/filedetails/?id=1538488233"
"388","1540438118","Wooden Dexterity Training Dummy.mod","Wooden Dexterity Training Dummy (Animated)","","https://steamcommunity.com/sharedfiles/filedetails/?id=1540438118"
"389","2573646896","CBT Gym Training Tools.mod","Gym Training Tools","","https://steamcommunity.com/sharedfiles/filedetails/?id=2573646896"
"390","3265540186","WorkingSimulators.mod","Working Simulators !","","https://steamcommunity.com/sharedfiles/filedetails/?id=3265540186"
"391","2827292058","training wear en.mod","Training Wear (EN ver)","","https://steamcommunity.com/sharedfiles/filedetails/?id=2827292058"
"392","2862392262","[7]----------[Armor & Weapons]----------.mod","[7] Mod Organizer [Armor & Weapons]","","https://steamcommunity.com/sharedfiles/filedetails/?id=2862392262"
"393","2989333642","[7.1]--------------------(Armor Sets).mod","[7.1] MOD ORGANIZER (Armor Sets)","","https://steamcommunity.com/sharedfiles/filedetails/?id=2989333642"
"394","3257995766","Expanded Vanilla Armor.mod","Expanded Vanilla Armor","","https://steamcommunity.com/sharedfiles/filedetails/?id=3257995766"
"395","2143799545","wheat staw cape.mod","Wheat Straw Cape","","https://steamcommunity.com/sharedfiles/filedetails/?id=2143799545"
"396","3724344841","Custom Personal Armour Pack.mod","Custom Personal Armour Pack","","https://steamcommunity.com/sharedfiles/filedetails/?id=3724344841"
"397","3556712059","Sacred Trash.mod","Sacred Trash","","https://steamcommunity.com/sharedfiles/filedetails/?id=3556712059"
"398","3675704039","Sacred Trash player only.mod","Sacred Trash player only","","https://steamcommunity.com/sharedfiles/filedetails/?id=3675704039"
"399","3731003215","Hive Equipment Overhaul.mod","HEO - Hive Equipment Overaul","","https://steamcommunity.com/sharedfiles/filedetails/?id=3731003215"
"400","1778747771","Armour_SamuraiDragon.mod","Armor - Samurai Dragon Helmet and Samurai Extended Armor. and more","","https://steamcommunity.com/sharedfiles/filedetails/?id=1778747771"
"401","3591035793","Samurai soldier helmets.mod","【2333】Samurai hive soldier helmets武士兵蜂头盔","","https://steamcommunity.com/sharedfiles/filedetails/?id=3591035793"
"402","3617212793","Modified Samurai Armor.mod","Reinfored Samurai Armor","","https://steamcommunity.com/sharedfiles/filedetails/?id=3617212793"
"403","1594211115","Dread's Gear.mod","Dread Gear","","https://steamcommunity.com/sharedfiles/filedetails/?id=1594211115"
"404","2819607177","Freelance Hunter.mod","Freelance Hunter","","https://steamcommunity.com/sharedfiles/filedetails/?id=2819607177"
"405","2875287426","merc armor bundle.mod","Merc Armour Bundle","","https://steamcommunity.com/sharedfiles/filedetails/?id=2875287426"
"406","3024567187","ghillie_billie.mod","Ghillie Suits","","https://steamcommunity.com/sharedfiles/filedetails/?id=3024567187"
"407","3027443226","Electrical Powered Armour - E_Armor Overhaul.mod","Electrical Powered Armour - E_Armor Overhaul","","https://steamcommunity.com/sharedfiles/filedetails/?id=3027443226"
"408","1406192034","external_muscle_suit.mod","External Muscle Suit","","https://steamcommunity.com/sharedfiles/filedetails/?id=1406192034"
"409","3227029387","Desert Ninja Rags.mod","Desert Ninja Rags","","https://steamcommunity.com/sharedfiles/filedetails/?id=3227029387"
"410","3227032698","Sand Ninjas wear Desert Rags.mod","Sand Ninjas wear Desert Rags","","https://steamcommunity.com/sharedfiles/filedetails/?id=3227032698"
"411","3043352508","Vanguad_mercenares.mod","Vanguard Mercenaries - Armour Only","","https://steamcommunity.com/sharedfiles/filedetails/?id=3043352508"
"412","2481539364","Dark Leather Vest Hive.mod","Dark Leather Hive Vest","","https://steamcommunity.com/sharedfiles/filedetails/?id=2481539364"
"413","3423577668","Lolu_Whistler Suit.mod","Whistler Body Suit and Limbs","","https://steamcommunity.com/sharedfiles/filedetails/?id=3423577668"
"414","3315994201","Lolu_Spider Armour.mod","Spider Armour","","https://steamcommunity.com/sharedfiles/filedetails/?id=3315994201"
"415","3180615609","FishmanArmour.mod","Gurgler Armour Overhaul","","https://steamcommunity.com/sharedfiles/filedetails/?id=3180615609"
"416","3707925950","Fishman Helmets.mod","【2333】Fishman Helmets鱼型人头盔","","https://steamcommunity.com/sharedfiles/filedetails/?id=3707925950"
"417","3254753150","Hydraulic Knight Equipment.mod","Hydraulic Knight Equipment","","https://steamcommunity.com/sharedfiles/filedetails/?id=3254753150"
"418","3250848443","Mongrel_Undertaker.mod","Mongrel Undertaker","","https://steamcommunity.com/sharedfiles/filedetails/?id=3250848443"
"419","2421898739","holy order redux.mod","Holy Order Redux - Lore Friendly","","https://steamcommunity.com/sharedfiles/filedetails/?id=2421898739"
"420","3534510444","Armoured Dustcoat and Longcoad stand alone.mod","Armored Coats Standalone","","https://steamcommunity.com/sharedfiles/filedetails/?id=3534510444"
"421","2846933782","tengu.mod","Tengu","","https://steamcommunity.com/sharedfiles/filedetails/?id=2846933782"
"422","3018140187","holy_lord_phoenix.mod","Holy Lord Phoenix","","https://steamcommunity.com/sharedfiles/filedetails/?id=3018140187"
"423","3032386643","esata.mod","Esata the Stone Golem","","https://steamcommunity.com/sharedfiles/filedetails/?id=3032386643"
"424","2989333901","[7.2]--------------------(Clothes and Hats!).mod","[7.2] MOD ORGANIZER (Clothes and Hats!)","","https://steamcommunity.com/sharedfiles/filedetails/?id=2989333901"
"425","2924420261","Underwear tops and hand wraps.mod","Underwear tops and hand wraps","","https://steamcommunity.com/sharedfiles/filedetails/?id=2924420261"
"426","2965442987","cats clothing overhaul.mod","Cat's Clothing Overhaul","","https://steamcommunity.com/sharedfiles/filedetails/?id=2965442987"
"427","3579757550","Cats Clothing Overhaul Fixes.mod","Fixed Cat's Clothing Overhaul","cats clothing overhaul.mod","https://steamcommunity.com/sharedfiles/filedetails/?id=3579757550"
"428","2943509571","Sahilarious's Feminine Clothes Part 1.mod","Sahilarious's Feminine Clothes - Part 1","","https://steamcommunity.com/sharedfiles/filedetails/?id=2943509571"
"429","3541741329","Sahilarious's Feminine Clothes Part 2.mod","Sahilarious's Wanderer's Garb","","https://steamcommunity.com/sharedfiles/filedetails/?id=3541741329"
"430","3166544571","Sahilarious's Feminine Upgrades 1.mod","Sahilarious Clothes - Upgrade 1","Sahilarious's Feminine Clothes Part 1.mod","https://steamcommunity.com/sharedfiles/filedetails/?id=3166544571"
"431","3549205614","Sahilarious's Herder's Dress.mod","Sahilarious's Herder's Dress","","https://steamcommunity.com/sharedfiles/filedetails/?id=3549205614"
"432","2605930625","cook_set.mod","Cook Set","","https://steamcommunity.com/sharedfiles/filedetails/?id=2605930625"
"433","3767538865","cook_set ENG.mod","Cook Set ENG","cook_set.mod","https://steamcommunity.com/sharedfiles/filedetails/?id=3767538865"
"434","1507418937","wild_fit.mod","Wild Fit","","https://steamcommunity.com/sharedfiles/filedetails/?id=1507418937"
"435","3167551696","Corsair_Pants.mod","Corsair Pants","","https://steamcommunity.com/sharedfiles/filedetails/?id=3167551696"
"436","2377366777","Rag Scarf.mod","Rag Scarf","","https://steamcommunity.com/sharedfiles/filedetails/?id=2377366777"
"437","3343316049","GorilloScarf.mod","Gorillo Pelt Scarf","","https://steamcommunity.com/sharedfiles/filedetails/?id=3343316049"
"438","1647438172","Dark Turtleneck.mod","Dark Leather Turtleneck","","https://steamcommunity.com/sharedfiles/filedetails/?id=1647438172"
"439","3448296276","CBT Martial Arts Bindings for Hive.mod","Martial Arts Bindings for the Hive","","https://steamcommunity.com/sharedfiles/filedetails/?id=3448296276"
"440","3692489164","HTT_Cloaks.mod","Cloaks Mod","","https://steamcommunity.com/sharedfiles/filedetails/?id=3692489164"
"441","2397592985","Full Face Vanilla Helmet.mod","Vanilla Head GearFull-coverage variant","","https://steamcommunity.com/sharedfiles/filedetails/?id=2397592985"
"442","3574512764","Lolu_Customized Headgear Collection.mod","Customized Headgear","","https://steamcommunity.com/sharedfiles/filedetails/?id=3574512764"
"443","3647053205","Lolulile Customized Headgear integration.mod","Customized Headgear - Tweak and Integration","Lolu_Customized Headgear Collection.mod","https://steamcommunity.com/sharedfiles/filedetails/?id=3647053205"
"444","2432229764","Unholy Headgear.mod","Unholy Headgear - Heavy Hachigane and Bucket Zukin","","https://steamcommunity.com/sharedfiles/filedetails/?id=2432229764"
"445","2434888934","Unholy Headgear - Dispersal Patch.mod","Unholy Headgear - Bucket Dispersal Patch","","https://steamcommunity.com/sharedfiles/filedetails/?id=2434888934"
"446","1911678483","test_mod.mod","Oni hat","","https://steamcommunity.com/sharedfiles/filedetails/?id=1911678483"
"447","2139430731","Bog Hat.mod","Bog Hat","","https://steamcommunity.com/sharedfiles/filedetails/?id=2139430731"
"448","3000381527","Copperplate Sandogasa.mod","Copperplate Sandogasa (no CRE version)","","https://steamcommunity.com/sharedfiles/filedetails/?id=3000381527"
"449","2374465912","Monster_Helmet.mod","Helmet - MonsterPlant","","https://steamcommunity.com/sharedfiles/filedetails/?id=2374465912"
"450","1726060999","Gutter Headgear.mod","Gutter Headgear","","https://steamcommunity.com/sharedfiles/filedetails/?id=1726060999"
"451","3215215984","Crab Soldier Helmet.mod","Crab Soldier Helmet","","https://steamcommunity.com/sharedfiles/filedetails/?id=3215215984"
"452","3563506209","Hive_hats.mod","Hive hats","","https://steamcommunity.com/sharedfiles/filedetails/?id=3563506209"
"453","3777550067","Barbarian's horn wrap.mod","Barbarian's Horn Wrap","","https://steamcommunity.com/sharedfiles/filedetails/?id=3777550067"
"454","3311408737","Lolu_Support Drone.mod","Support Drone (Belt slot/Backpack)","","https://steamcommunity.com/sharedfiles/filedetails/?id=3311408737"
"455","2989334218","[7.3]--------------------(Weapons).mod","[7.3] MOD ORGANIZER (Weapons)","","https://steamcommunity.com/sharedfiles/filedetails/?id=2989334218"
"456","3334561381","Warrior Moon - Weapon Overhaul AIO.mod","Warrior Moon - AIO Weapon Overhaul","","https://steamcommunity.com/sharedfiles/filedetails/?id=3334561381"
"457","1542005851","Iron Spider Arm Weapon.mod","Iron Spider Arm Weapon","","https://steamcommunity.com/sharedfiles/filedetails/?id=1542005851"
"458","2574808798","workes's Weapon Outfit I.mod","workes Weapon Outfit I","","https://steamcommunity.com/sharedfiles/filedetails/?id=2574808798"
"459","2594405370","workes Weapon Outfit II.mod","workes Weapon Outfit II","","https://steamcommunity.com/sharedfiles/filedetails/?id=2594405370"
"460","2795224128","Kit's Weapon Pack.mod","Industrial Blade and Foreign Greatsword","","https://steamcommunity.com/sharedfiles/filedetails/?id=2795224128"
"461","3156040928","Recruitable Foreign Swordsman.mod","Recruitable Foreign Swordsman","Kit's Weapon Pack.mod","https://steamcommunity.com/sharedfiles/filedetails/?id=3156040928"
"462","2724473961","LFW - INFINITE.mod","LORE FRIENDLY WEAPONS - INFINITE (WEAPON PACK)","","https://steamcommunity.com/sharedfiles/filedetails/?id=2724473961"
"463","3225506891","wooden_staff.mod","Hiver's Wooden Staff","","https://steamcommunity.com/sharedfiles/filedetails/?id=3225506891"
"464","3230713021","Wooden Handles.mod","Hiver Polearms","","https://steamcommunity.com/sharedfiles/filedetails/?id=3230713021"
"465","3224167478","Sugoi Nagai Katana.mod","Sugoi Nagai Katana","","https://steamcommunity.com/sharedfiles/filedetails/?id=3224167478"
"466","3226497688","Legendary Katana Statue.mod","Legendary Katana Statue","","https://steamcommunity.com/sharedfiles/filedetails/?id=3226497688"
"467","3482749519","HeatCoilCleaver.mod","Heat Coil Cleaver","","https://steamcommunity.com/sharedfiles/filedetails/?id=3482749519"
"468","3670389766","HeatCoilCleaver Crafting Patch.mod","Heat Coil Cleaver Crafting Patch","HeatCoilCleaver.mod","https://steamcommunity.com/sharedfiles/filedetails/?id=3670389766"
"469","3612720605","Springbat_Mk2.mod","Spring-Bat MkII","","https://steamcommunity.com/sharedfiles/filedetails/?id=3612720605"
"470","1595024426","Three Shots Ranger.mod","Three Shots Ranger","","https://steamcommunity.com/sharedfiles/filedetails/?id=1595024426"
"471","3376171697","A Standalone Gaussbow Mod.mod","A Standalone Gaussbow Mod","","https://steamcommunity.com/sharedfiles/filedetails/?id=3376171697"
"472","3694936216","Handturrets.mod","Handturrets","","https://steamcommunity.com/sharedfiles/filedetails/?id=3694936216"
"473","2896972489","2PN8SlingbowVanilla.mod","Slingbow Vanilla Standalone","","https://steamcommunity.com/sharedfiles/filedetails/?id=2896972489"
"474","2989334552","[7.4]--------------------(Limbs).mod","[7.4] MOD ORGANIZER (Limbs)","","https://steamcommunity.com/sharedfiles/filedetails/?id=2989334552"
"475","2775154580","Radiant Robot Limbs.mod","Radiant Robotic Limbs Expansion","","https://steamcommunity.com/sharedfiles/filedetails/?id=2775154580"
"476","3485814711","MVRobotic Limbs Extended.mod","Більше Варіацій Протезів - More Variations Of Robotic Limbs","","https://steamcommunity.com/sharedfiles/filedetails/?id=3485814711"
"477","1594007080","Dread Limbs.mod","Dread Limbs","","https://steamcommunity.com/sharedfiles/filedetails/?id=1594007080"
"478","2412497702","Carved Prosthetics.mod","Carved Prosthetics","","https://steamcommunity.com/sharedfiles/filedetails/?id=2412497702"
"479","2814175569","Limbs of Sekiro.mod","Sekiro: LIMBS die Twice!","","https://steamcommunity.com/sharedfiles/filedetails/?id=2814175569"
"480","2735264957","crimper_limbs.mod","Lifter unit limbs (Crimper based limbs)","","https://steamcommunity.com/sharedfiles/filedetails/?id=2735264957"
"481","1586474982","Iron Spider Arm.mod","Security Spider Arm Limbs","","https://steamcommunity.com/sharedfiles/filedetails/?id=1586474982"
"482","2391397636","Shoddy Butcher Limbs.mod","Shoddy Butcher Limbs","","https://steamcommunity.com/sharedfiles/filedetails/?id=2391397636"
"483","3224587646","SteadyArmRemodel.mod","Remodeled Steady Arm","","https://steamcommunity.com/sharedfiles/filedetails/?id=3224587646"
"484","3225428242","SteadyArmAddon.mod","ReSteadyArmPlus","","https://steamcommunity.com/sharedfiles/filedetails/?id=3225428242"
"485","3244749334","Thief Arm Redux.mod","Thief Arm Redux","","https://steamcommunity.com/sharedfiles/filedetails/?id=3244749334"
"486","3330097834","MNG_CrysisLimbs.mod","Crysis Nanosuit Robotic Arms","","https://steamcommunity.com/sharedfiles/filedetails/?id=3330097834"
"487","3000478985","Swimming_Limbs.mod","水かき","","https://steamcommunity.com/sharedfiles/filedetails/?id=3000478985"
"488","2989334961","[7.5]--------------------(Items and Tools).mod","[7.5] MOD ORGANIZER (Items and Tools)","","https://steamcommunity.com/sharedfiles/filedetails/?id=2989334961"
"489","2919266438","Large Thieves Backpack.mod","Large Thieves Backpack","","https://steamcommunity.com/sharedfiles/filedetails/?id=2919266438"
"490","2658771958","Radiant Master Explorer Bag.mod","Radiant Sentry Bags","","https://steamcommunity.com/sharedfiles/filedetails/?id=2658771958"
"491","1731533878","Books+.mod","Lore Books Expansion","","https://steamcommunity.com/sharedfiles/filedetails/?id=1731533878"
"492","3235547236","Holy Literature Overhaul.mod","Holy Literature Rework","","https://steamcommunity.com/sharedfiles/filedetails/?id=3235547236"
"493","3270717547","beltonion.mod","Belt Onion","","https://steamcommunity.com/sharedfiles/filedetails/?id=3270717547"
"494","3540110995","Machine Oil and Coolant.mod","More Tech Trade Items","","https://steamcommunity.com/sharedfiles/filedetails/?id=3540110995"
"495","3761788250","NewItemsGoR.mod","GoR's Junk Collection","","https://steamcommunity.com/sharedfiles/filedetails/?id=3761788250"
"496","3782631331","All those stickman things.mod","All those stickman things","","https://steamcommunity.com/sharedfiles/filedetails/?id=3782631331"
"497","3778746024","HarvestOrgans.mod","Organ Harvesting","","https://steamcommunity.com/sharedfiles/filedetails/?id=3778746024"
"498","3806021518","Twinblades Organ Economy.mod","Twinblade's Organ Economy (Organ Harvesting  Add-On)","","https://steamcommunity.com/sharedfiles/filedetails/?id=3806021518"
"499","2862394641","[8]----------[Overhauls & World Changes]----------.mod","[8] Mod Organizer [Overhauls & World Changes]","","https://steamcommunity.com/sharedfiles/filedetails/?id=2862394641"
"500","2989335298","[8.1]--------------------(Combat).mod","[8.1] MOD ORGANIZER (Combat)","","https://steamcommunity.com/sharedfiles/filedetails/?id=2989335298"
"501","3731488940","It. Tickles. Me.mod","It. Tickles. Me (Stumble Mechanic Animation Spam Fix)","","https://steamcommunity.com/sharedfiles/filedetails/?id=3731488940"
"502","2077429110","Anti Stun for more Attack Slots.mod","LessStun™ for more Attack Slots","","https://steamcommunity.com/sharedfiles/filedetails/?id=2077429110"
"503","2412456723","Sensible Martial Arts.mod","Sensible Martial Arts - A Martial Arts Overhaul","","https://steamcommunity.com/sharedfiles/filedetails/?id=2412456723"
"504","3776308916","Sparring.mod","Sparring 切磋 - 队友互练 (RE_Kenshi)","","https://steamcommunity.com/sharedfiles/filedetails/?id=3776308916"
"505","3775510993","GuardBreakBash.mod","Guard Break&Bash","","https://steamcommunity.com/sharedfiles/filedetails/?id=3775510993"
"506","3791555103","FinishingBlows.mod","Finishing Blows","","https://steamcommunity.com/sharedfiles/filedetails/?id=3791555103"
"507","2989335588","[8.2]--------------------(Overhaul).mod","[8.2] MOD ORGANIZER (Overhaul)","","https://steamcommunity.com/sharedfiles/filedetails/?id=2989335588"
"508","1880985984","Kaizo.mod","Kenshi Kaizo","","https://steamcommunity.com/sharedfiles/filedetails/?id=1880985984"
"509","2142406806","Universal Wasteland Expansion.mod","Universal Wasteland Expansion","","https://steamcommunity.com/sharedfiles/filedetails/?id=2142406806"
"510","3585995561","Side Quest.mod","Side Quest","","https://steamcommunity.com/sharedfiles/filedetails/?id=3585995561"
"511","3564702904","Southern Bandit Kingdoms Expanded.mod","Southern Bandit Kingdoms Expanded","","https://steamcommunity.com/sharedfiles/filedetails/?id=3564702904"
"512","3550526654","Settled Nomads Expanded V2.mod","Settled Nomads Expanded V2","","https://steamcommunity.com/sharedfiles/filedetails/?id=3550526654"
"513","3447979029","Machinist University.mod","Machinist University: Overhaul","","https://steamcommunity.com/sharedfiles/filedetails/?id=3447979029"
"514","3320347120","Holy Villages.mod","Holy Villages: Holy Farms Overhaul","","https://steamcommunity.com/sharedfiles/filedetails/?id=3320347120"
"515","2983100432","Combat Tweaks.mod","Combat Tweaks - Deadly, Balanced, and Fun!","","https://steamcommunity.com/sharedfiles/filedetails/?id=2983100432"
"516","3709852838","Metabolic Traversal.mod","Metabolic Traversal","","https://steamcommunity.com/sharedfiles/filedetails/?id=3709852838"
"517","2989335894","[8.3]--------------------(IA).mod","[8.3] MOD ORGANIZER (IA)","","https://steamcommunity.com/sharedfiles/filedetails/?id=2989335894"
"518","2424904535","SCAR's pathfinding fix.mod","SCAR's Pathfinding FIX","","https://steamcommunity.com/sharedfiles/filedetails/?id=2424904535"
"519","3176480208","SCAR's Better ai for NPCes.mod","SCAR's Better AI for NPCs","","https://steamcommunity.com/sharedfiles/filedetails/?id=3176480208"
"520","2425736432","Stop shouting at your allies.mod","Stop shouting at your allies / Better guards","","https://steamcommunity.com/sharedfiles/filedetails/?id=2425736432"
"521","2894978661","Strategic Ambiguity.mod","Strategic Ambiguity","","https://steamcommunity.com/sharedfiles/filedetails/?id=2894978661"
"522","1540237333","More Respect for Healing.mod","More Respect for Healing","","https://steamcommunity.com/sharedfiles/filedetails/?id=1540237333"
"523","2862079329","Not lowering relation by battle.mod","Not lowering relation by battle","","https://steamcommunity.com/sharedfiles/filedetails/?id=2862079329"
"524","1393228841","Idle Farmers.mod","Idle Farmers","","https://steamcommunity.com/sharedfiles/filedetails/?id=1393228841"
"525","3006827384","ExSlaverPlus.mod","Ex-Slaver Plus!","","https://steamcommunity.com/sharedfiles/filedetails/?id=3006827384"
"526","3033388232","Sensible Slavers.mod","Sensible Slavers","","https://steamcommunity.com/sharedfiles/filedetails/?id=3033388232"
"527","3800729618","SquadAutonomy.mod","Squad Autonomy","","https://steamcommunity.com/sharedfiles/filedetails/?id=3800729618"
"528","2862395130","[9]----------[Patches]----------.mod","[9] Mod Organizer [Patches]","","https://steamcommunity.com/sharedfiles/filedetails/?id=2862395130"
"529","2989336136","[9.1]--------------------(Faction and Race Patches).mod","[9.1] MOD ORGANIZER (Faction and Race Patches)","","https://steamcommunity.com/sharedfiles/filedetails/?id=2989336136"
"530","1616003450","Weaklings give XP.mod","Weaklings Give XP","","https://steamcommunity.com/sharedfiles/filedetails/?id=1616003450"
"531","2508412096","RadiantFaces.mod","Radiant Better Faces & Eyes","","https://steamcommunity.com/sharedfiles/filedetails/?id=2508412096"
"532","3404894834","RadiantFacesFixes.mod","Fixed Radiant Better Faces & Eyes","RadiantFaces.mod","https://steamcommunity.com/sharedfiles/filedetails/?id=3404894834"
"533","2616098409","Radiant Unique Recruits New Stats.mod","Radiant Unique Recruits New Stats","RadiantFaces.mod","https://steamcommunity.com/sharedfiles/filedetails/?id=2616098409"
"534","3731524845","Kaizo cannibal neck fix.mod","Kaizo Cannibal Neck Seam Fix","Kaizo.mod","https://steamcommunity.com/sharedfiles/filedetails/?id=3731524845"
"535","2786795820","CBT Vanilla Hair Fix.mod","Vanilla Hair Fix","","https://steamcommunity.com/sharedfiles/filedetails/?id=2786795820"
"536","3204549311","H.N+CBT Hair Fix.mod","Vanilla Hair Fix+Beards for Holy Nation","","https://steamcommunity.com/sharedfiles/filedetails/?id=3204549311"
"537","3771207258","Faction Relations - Law and Order.mod","Faction Relations - Law and Order","","https://steamcommunity.com/sharedfiles/filedetails/?id=3771207258"
"538","2800949292","UWE Dialogue Patch.mod","UWE - Dialogue Patch","Universal Wasteland Expansion.mod","https://steamcommunity.com/sharedfiles/filedetails/?id=2800949292"
"539","3385894150","UWE Faction Rewritten - Holy Nation Outlaws.mod","UWE Faction Rewritten - Holy Nation Outlaws","Universal Wasteland Expansion.mod","https://steamcommunity.com/sharedfiles/filedetails/?id=3385894150"
"540","3385888338","UWE Faction Rewritten - Highlanders.mod","UWE Faction Rewritten - Highlanders","Universal Wasteland Expansion.mod","https://steamcommunity.com/sharedfiles/filedetails/?id=3385888338"
"541","3385868802","UWE Bounties Rewritten.mod","UWE Bounties Rewritten","Universal Wasteland Expansion.mod","https://steamcommunity.com/sharedfiles/filedetails/?id=3385868802"
"542","3385905718","UWE No More Gate Guard Dialogue.mod","UWE No More Gate Guard Dialogue","Universal Wasteland Expansion.mod","https://steamcommunity.com/sharedfiles/filedetails/?id=3385905718"
"543","2880103673","UWE Northern Midland Touchup.mod","UWE Northern and Midland Hiver Retexture","Universal Wasteland Expansion.mod","https://steamcommunity.com/sharedfiles/filedetails/?id=2880103673"
"544","2294357535","UWE - Kaizo Compatibility Patch.mod","Universal Wasteland Expansion - Kenshi Kaizo Compatibility Patch","Kaizo.mod; Universal Wasteland Expansion.mod","https://steamcommunity.com/sharedfiles/filedetails/?id=2294357535"
"545","2688846258","UWE - AG-LFR Compatibility Patch.mod","Universal Wasteland Expansion - Adventurer's Guild Compatibility Patch","Universal Wasteland Expansion.mod; Adventurers Guild - Lore Friendly Recruitment.mod","https://steamcommunity.com/sharedfiles/filedetails/?id=2688846258"
"546","1942595581","RLBS Adventurers Guild Combination.mod","RLBS Adventurers Guild Combination","Adventurers Guild - Lore Friendly Recruitment.mod","https://steamcommunity.com/sharedfiles/filedetails/?id=1942595581"
"547","3722642403","Adventurers Guild - Extra Selection Criteria.mod","Adventurers Guild - Extra Selection Criteria","Adventurers Guild - Lore Friendly Recruitment.mod","https://steamcommunity.com/sharedfiles/filedetails/?id=3722642403"
"548","3807299474","UWE - Southern Bandit Kingdoms Expanded.mod","UWE - Southern Bandit Kingdoms Expanded Patch","Universal Wasteland Expansion.mod; Southern Bandit Kingdoms Expanded.mod","https://steamcommunity.com/sharedfiles/filedetails/?id=3807299474"
"549","3743017024","UWE - Settled Nomads Expanded Patch.mod","UWE - Settled Nomads Expanded V2 Patch","","https://steamcommunity.com/sharedfiles/filedetails/?id=3743017024"
"550","3769724139","Social Lives UWE Patch.mod","Social Lives + UWE Patch","Social Lives (Holy Nation) ENG.mod; Universal Wasteland Expansion.mod; Social lives (United Cities) ENG.mod; Social lives (Hive) ENG.mod","https://steamcommunity.com/sharedfiles/filedetails/?id=3769724139"
"551","3317462563","CormanthQuest.mod","Companion Quest - Cormanth (UWE Dependent)","","https://steamcommunity.com/sharedfiles/filedetails/?id=3317462563"
"552","2989336355","[9.2]--------------------(Animation Patches).mod","[9.2] MOD ORGANIZER (Animation Patches)","","https://steamcommunity.com/sharedfiles/filedetails/?id=2989336355"
"553","2989336629","[9.3]--------------------(Animal Patches).mod","[9.3] MOD ORGANIZER (Animal Patches)","","https://steamcommunity.com/sharedfiles/filedetails/?id=2989336629"
"554","3553086370","Fixed Skimmer Ragdoll Physics.mod","Fixed Skimmer Ragdoll Physics (RE_Kenshi)","","https://steamcommunity.com/sharedfiles/filedetails/?id=3553086370"
"555","2983850572","Firefly.mod","Firefly","","https://steamcommunity.com/sharedfiles/filedetails/?id=2983850572"
"556","3433700423","More Birds.mod","More Birds","","https://steamcommunity.com/sharedfiles/filedetails/?id=3433700423"
"557","3641538596","Symbiosis UPK Compatibility.mod","Symbiosis & Unofficial Patches for Kenshi Fix","","https://steamcommunity.com/sharedfiles/filedetails/?id=3641538596"
"558","3600010165","Symbiosis - More Animal Colors.mod","More Animal Colors - Symbiosis Patch","Colorfull Animals.mod; Symbiosis.mod","https://steamcommunity.com/sharedfiles/filedetails/?id=3600010165"
"559","3654880714","Symbiosis - Beak Turtles.mod","Swamp Things? Beak Turtles? ...Symbiosis","My Custom Animals.mod","https://steamcommunity.com/sharedfiles/filedetails/?id=3654880714"
"560","3654264736","Symbiosis - More Dogs.mod","More Dogs - Symbiosis Patch","More Dogs.mod; Symbiosis.mod","https://steamcommunity.com/sharedfiles/filedetails/?id=3654264736"
"561","3686011234","Symbiosis - Hyaenidae.mod","Wildlife+Symbiosis","Subspecies.mod; Symbiosis.mod","https://steamcommunity.com/sharedfiles/filedetails/?id=3686011234"
"562","3720351918","Symbiosis - Moss Crabs.mod","Moss Crabs - Symbiosis Patch","Green Crab.mod; Symbiosis.mod","https://steamcommunity.com/sharedfiles/filedetails/?id=3720351918"
"563","3757434388","Symbiosis - Grievewraiths.mod","Grievewraiths - Symbiosis Patch","Grievewraiths.mod; Symbiosis.mod","https://steamcommunity.com/sharedfiles/filedetails/?id=3757434388"
"564","3778463057","Symbiosis - Waste Fiends.mod","Waste Fiends - Symbiosis Patch","Waste Fiends - Creature mod.mod; Symbiosis.mod","https://steamcommunity.com/sharedfiles/filedetails/?id=3778463057"
"565","3654983898","Symbiosis Master Patch.mod","Symbiosis Master Patch","Colorfull Animals.mod; More Dogs.mod; Subspecies.mod; Symbiosis - Hyaenidae.mod; Waste Fiends - Creature mod.mod; Symbiosis - Waste Fiends.mod; Symbiosis - Grievewraiths.mod; Symbiosis - More Dogs.mod; Symbiosis - Beak Turtles.mod; Symbiosis - Moss Crabs.mod","https://steamcommunity.com/sharedfiles/filedetails/?id=3654983898"
"566","2887995333","CBT Goat Retexture.mod","Goat Retexture","","https://steamcommunity.com/sharedfiles/filedetails/?id=2887995333"
"567","3348770158","monkefurfix.mod","White Gorillo Fur Fix","","https://steamcommunity.com/sharedfiles/filedetails/?id=3348770158"
"568","3371120247","More Detailed Landbat Fur.mod","More Detailed Landbat Fur","","https://steamcommunity.com/sharedfiles/filedetails/?id=3371120247"
"569","2989337002","[9.4]--------------------(Building Patches).mod","[9.4] MOD ORGANIZER (Building Patches)","","https://steamcommunity.com/sharedfiles/filedetails/?id=2989337002"
"570","2806245415","UWE Slower Crop Growth.mod","UWE Slower Crop Growth","Universal Wasteland Expansion.mod","https://steamcommunity.com/sharedfiles/filedetails/?id=2806245415"
"571","2812210461","UWE Drinkable Booze.mod","UWE Drinkable Booze","ServingAlcoholAndHashish.mod","https://steamcommunity.com/sharedfiles/filedetails/?id=2812210461"
"572","3774466274","Holy Villages - Kaizo Patch.mod","Holy Villages - Kaizo Patch","Holy Villages.mod","https://steamcommunity.com/sharedfiles/filedetails/?id=3774466274"
"573","3330088850","Holy Villages - UWE Patch.mod","Holy Villages - UWE Patch","","https://steamcommunity.com/sharedfiles/filedetails/?id=3330088850"
"574","2988820780","Buildings Category Tweaks - UWE.mod","Building Category Tweaks - UWE","Universal Wasteland Expansion.mod","https://steamcommunity.com/sharedfiles/filedetails/?id=2988820780"
"575","2988820024","Buildings Category Tweaks - Bars.mod","Buildings Category Tweaks - Bars","Lively Bars.mod","https://steamcommunity.com/sharedfiles/filedetails/?id=2988820024"
"576","3670008912","Buildings Category Tweaks - Cattrina's Furniture.mod","Buildings Category Tweaks - Cattrina's Furniture","CBT Room Dividers.mod; CBT Cozy Furniture.mod; CBT Faction Furniture.mod; CBT Cozy-Faction Furniture Patch.mod; CBT Leisure Objects and Furniture.mod","https://steamcommunity.com/sharedfiles/filedetails/?id=3670008912"
"577","3014129647","Buildings Category Tweaks - CMKillingTime.mod","Buildings Category Tweaks - CMKillingTime","CMKillingTime.mod","https://steamcommunity.com/sharedfiles/filedetails/?id=3014129647"
"578","2993074444","Buildings Category Tweaks - Clutter.mod","Buildings Category Tweaks - Clutter","Clutter.mod","https://steamcommunity.com/sharedfiles/filedetails/?id=2993074444"
"579","3007034319","Buildings Category Tweaks - Forgotten Buildings.mod","Building Category Tweaks - Forgotten Buildings + Random Furniture","Forgotten Buildings.mod; sideways wall ramp.mod; sideways wall ramp FB.mod; Random Furniture.mod","https://steamcommunity.com/sharedfiles/filedetails/?id=3007034319"
"580","2988819860","Buildings Category Tweaks - Glass.mod","Buildings Category Tweaks - Glass","Glass Furnitures.mod; CMGlassPartition.mod","https://steamcommunity.com/sharedfiles/filedetails/?id=2988819860"
"581","2988823632","Buildings Category Tweaks - Grave.mod","Buildings Category Tweaks - Grave","CMGrave.mod; Coffin.mod; Tombs and Memorialization.mod","https://steamcommunity.com/sharedfiles/filedetails/?id=2988823632"
"582","3671590770","Buildings Category Tweaks - Japanese.mod","Buildings Category Tweaks - Japanese","Traditional Japanese Buildings.mod; Traditional Japanese Interiors.mod","https://steamcommunity.com/sharedfiles/filedetails/?id=3671590770"
"583","2993070307","Buildings Category Tweaks - Primitive.mod","Buildings Category Tweaks - Camping","Less Early Raids.mod; Survival Shelter.mod; Survival shelter addon.mod; Nomad Shelter1.mod; PrimitiveMill.mod; Mud and Clay.mod; Porta-Medicrate.mod; Crossbow Bolt Stackinator.mod; Portable Crossbow Turret kit.mod; PortableCots.mod; Interior Plus.mod","https://steamcommunity.com/sharedfiles/filedetails/?id=2993070307"
"584","2993075128","Buildings Category Tweaks - Prison.mod","Buildings Category Tweaks - Prison House","CBT Prison House.mod; Prisoner_Food.mod","https://steamcommunity.com/sharedfiles/filedetails/?id=2993075128"
"585","3182091219","Building Category Tweaks - Signs.mod","Buildings Category Tweaks - Signs","Useful Signs.mod","https://steamcommunity.com/sharedfiles/filedetails/?id=3182091219"
"586","2993076793","Buildings Category Tweaks - Sitting.mod","Buildings Category Tweaks - More Sitting Animations","More Sitting Animation.mod","https://steamcommunity.com/sharedfiles/filedetails/?id=2993076793"
"587","3151936132","Buildings Category Tweaks - Torture.mod","Buildings Category Tweaks - Torture","Crucifixion.mod; CMDarkside.mod; CMDarksideAddOn.mod; Sleepe well.mod; deathstill.mod","https://steamcommunity.com/sharedfiles/filedetails/?id=3151936132"
"588","3586806232","2PN8BuildingsCategoryMedical.mod","Buildings Category Tweaks - Medical","Cuddling.mod; 2PN8Beds.mod; MedicalBeds.mod; Auto-Doc.mod; Amputation Table.mod; CBT Surgical Med Bay.mod","https://steamcommunity.com/sharedfiles/filedetails/?id=3586806232"
"589","3404677792","RemoveNobleStove.mod","Remove Noble House Stove (AI Fix)","","https://steamcommunity.com/sharedfiles/filedetails/?id=3404677792"
"590","2164425925","Snowii's Weaponsmith Clutter Reduction.mod","Weaponsmith Clutter Reduction","","https://steamcommunity.com/sharedfiles/filedetails/?id=2164425925"
"591","2989337242","[9.5]--------------------(Armor Patches).mod","[9.5] MOD ORGANIZER (Armor Patches)","","https://steamcommunity.com/sharedfiles/filedetails/?id=2989337242"
"592","1535667039","Bandana (Undumbed).mod","Bandana (Undumbed)","","https://steamcommunity.com/sharedfiles/filedetails/?id=1535667039"
"593","1531433794","Fixed Ninja mask.mod","Ninja Mask (Undumbed)","","https://steamcommunity.com/sharedfiles/filedetails/?id=1531433794"
"594","2920408459","Reaver_Female Armor Fix.mod","Female Hack Stopper Fix","","https://steamcommunity.com/sharedfiles/filedetails/?id=2920408459"
"595","2922950619","Female_Crab_Fix.mod","Female Crab Armour mesh fix.","","https://steamcommunity.com/sharedfiles/filedetails/?id=2922950619"
"596","3032520554","Better Looking Crab Helm.mod","Better Looking Crab Helmet","","https://steamcommunity.com/sharedfiles/filedetails/?id=3032520554"
"597","3733571772","Better Looking Crab Helm+Fem.mod","Better Looking Crab Helmet - Female version fix","","https://steamcommunity.com/sharedfiles/filedetails/?id=3733571772"
"598","1914693094","Dark Leather Shirt is Dark Gray.mod","Dark Leather Shirt is Dark Gray","","https://steamcommunity.com/sharedfiles/filedetails/?id=1914693094"
"599","3485538939","Leather Turtleneck Icon.mod","Leather Turtleneck Icon Patch","","https://steamcommunity.com/sharedfiles/filedetails/?id=3485538939"
"600","2990800186","external_muscle_suit_sexy.mod","External Muscle Suit Sexy with normalmap tools","external_muscle_suit.mod","https://steamcommunity.com/sharedfiles/filedetails/?id=2990800186"
"601","2436857250","Wheatstraw Cape - Revision Patch.mod","Wheatstraw Cape: Revised","wheat staw cape.mod","https://steamcommunity.com/sharedfiles/filedetails/?id=2436857250"
"602","2919857257","Dustcoat revamp.mod","Dustcoat revamp","","https://steamcommunity.com/sharedfiles/filedetails/?id=2919857257"
"603","2310057039","Vanilla Aesthetic Friendly Fixes - Oni Hat.mod","Vanilla Aesthetic Patch - Oni Hat","test_mod.mod","https://steamcommunity.com/sharedfiles/filedetails/?id=2310057039"
"604","2310340088","Vanilla Aesthetic Patch - Oni Hat - Belt Slot hats addition.mod","Belt Slot Addition - Vanilla Aesthetic Patch - Oni Hat","","https://steamcommunity.com/sharedfiles/filedetails/?id=2310340088"
"605","2426981395","Samurai Legplates Recolor.mod","Samurai Legplates Recolor + Texture Fix","","https://steamcommunity.com/sharedfiles/filedetails/?id=2426981395"
"606","2440370655","Improved Samurai Colormap.mod","Improved Samurai Set Colormap - Better Faction Colors","","https://steamcommunity.com/sharedfiles/filedetails/?id=2440370655"
"607","3169424577","UWE - Belt Slot Hats.mod","UWE - Belt Slot Hats and Masks","Universal Wasteland Expansion.mod","https://steamcommunity.com/sharedfiles/filedetails/?id=3169424577"
"608","2989337501","[9.6]--------------------(Weapon Patches).mod","[9.6] MOD ORGANIZER (Weapon Patches)","","https://steamcommunity.com/sharedfiles/filedetails/?id=2989337501"
"609","2939978969","UWE Weapons.mod","UWE Weapons","Universal Wasteland Expansion.mod","https://steamcommunity.com/sharedfiles/filedetails/?id=2939978969"
"610","2722646086","Manageable Weapons Weight.mod","Manageable Weapon Weight","","https://steamcommunity.com/sharedfiles/filedetails/?id=2722646086"
"611","2539126442","Project Weapon Sharpening.mod","Project Weapon Sharpening","","https://steamcommunity.com/sharedfiles/filedetails/?id=2539126442"
"612","2878684730","Sharper Blunts.mod","Blunt Weapons Reskin","","https://steamcommunity.com/sharedfiles/filedetails/?id=2878684730"
"613","1868933121","heavy seath weapons.mod","Missing Sheath Weapons [Beta]","","https://steamcommunity.com/sharedfiles/filedetails/?id=1868933121"
"614","2941404423","Flat Topper New Mesh.mod","Flat Topper | UV Revamp","","https://steamcommunity.com/sharedfiles/filedetails/?id=2941404423"
"615","3263012276","Slightly Adjusted Blunt Weapons.mod","Slightly Adjusted Blunt Weapons","","https://steamcommunity.com/sharedfiles/filedetails/?id=3263012276"
"616","2896971698","2PN8SlingbowEnhanced.mod","Crossbows Enhanced Plus Slingbow","","https://steamcommunity.com/sharedfiles/filedetails/?id=2896971698"
"617","2989337738","[9.7]--------------------(Limbs Patches).mod","[9.7] MOD ORGANIZER (Limbs Patches)","","https://steamcommunity.com/sharedfiles/filedetails/?id=2989337738"
"618","3556892652","Lolu_Robot Limbs Height Fix.mod","Robot Limbs Height Fix","","https://steamcommunity.com/sharedfiles/filedetails/?id=3556892652"
"619","3034821332","UWE - Items Integration Patch - Limbs.mod","UWE - Items Integration Patch - Limbs","Animation - Collection Pack.mod; Hive Cybernetics.mod; Better Storage System.mod; Random Furniture.mod; Lolu_Whistler Suit.mod; MVRobotic Limbs Extended.mod; Dread Limbs.mod; Carved Prosthetics.mod; Limbs of Sekiro.mod; crimper_limbs.mod; Iron Spider Arm.mod; Shoddy Butcher Limbs.mod; MNG_CrysisLimbs.mod; Swimming_Limbs.mod","https://steamcommunity.com/sharedfiles/filedetails/?id=3034821332"
"620","3471067068","Limbs Retexture_Limb Icons Fix.mod","Ретекстур Протезів - Limbs Retexture+Limb Icons Fix","","https://steamcommunity.com/sharedfiles/filedetails/?id=3471067068"
"621","2989337974","[9.8]--------------------(Items and Tools Patches).mod","[9.8] MOD ORGANIZER (Items and Tools Patches)","","https://steamcommunity.com/sharedfiles/filedetails/?id=2989337974"
"622","3691158692","KenshiRotate.mod","Rotate Items","","https://steamcommunity.com/sharedfiles/filedetails/?id=3691158692"
"623","2164081763","HarderPrisonerLocks.mod","Improved Prisoner/Slave Locks","","https://steamcommunity.com/sharedfiles/filedetails/?id=2164081763"
"624","3014550684","UWE - Icon Transparency Fix.mod","UWE - Icon Transparency Fix","","https://steamcommunity.com/sharedfiles/filedetails/?id=3014550684"
"625","3013917505","UWE - Items Integration Patch.mod","MEGA - Item Integration Patch (For the Kaizo/UWE+ Modpack)","Universal Wasteland Expansion.mod; Side Quest.mod; Bounties Galore.mod; Animation - Collection Pack.mod; gasraincustom.mod; Unofficial Patches for Kenshi.mod; FASTR.mod; RecruitPrisoners.mod; RecruitPrisoners - Tweaks.mod; Robotics Limb Base Skeletons.mod; Oni.mod; Driftmetal Remnants.mod; ChildrenOfKenshi.mod; Young_Shek.mod; Dark Hive.mod; Radiant Ancient Hive.mod; Hive Cybernetics.mod; Hive Soldiers++.mod; SimpleCannibalism.mod; Strangers and Freaks.mod; Band of Exiles.mod; Weird recruit.mod; Danny Boy.mod; Wandering Swordmen.mod; add_hive_mutant.mod; MotokoTheHuntress.mod; Symbiosis.mod; Radiant Animal Sub Species.mod; TIHYD_Zoo.mod; Aminals.mod; Animal Variations.mod; More Dogs.mod; Subspecies.mod; My Custom Animals.mod; Great Beak Things.mod; Skimmer Broods.mod; Green Crab.mod; Grievewraiths.mod; Hapless's Waste Creatures.mod; Sailback.mod; Thrasher_Warbot.mod; Thrasher Sultan Seller.mod; Old_ironsides_merged.mod; BBGoatsBeastforge.mod; BBgoatsBeastforge_worldadditions.mod; Grazing.mod; Dog Scarf.mod; Beak_Thing_Scarf.mod; Leather Bag for Dogs.mod; GreatDirewolf.mod; Armoured Direwolf - Chainmail version.mod; bull armor.mod; Ally Mongrel.mod; Faction Caravans.mod; Skull Collectors.mod; Guild of Surgeons.mod; Town of Shem.mod; Leviathan Ronin (Reloaded).mod; Fog Hunt.mod; Radiant Buildings Textures Tweaks.mod; Forgotten Buildings.mod; Better Storage System.mod; Survival Shelter.mod; Random Furniture.mod; Interior Plus.mod; CBT Room Dividers.mod; CMDarksideAddOn.mod; MedicalBeds.mod; 2PN8BackpackCraftingPlus.mod; Believer + Book Craft.mod; Lolu_Leather_Expansion.mod; Pizza_Time.mod; Fishwich.mod; BeakThingEggFoods.mod; BeakThingEggRecipes.mod; gastronom.mod; gastrokaktus.mod; gastronomecookies.mod; Hesh's Hive Cooking.mod; Shek Desert Grub.mod; Buzzing.mod; Mollusk Meat.mod; Greenfruit Hooch.mod; Radiant Master Explorer Bag.mod; Books+.mod; Holy Literature Overhaul.mod; Machine Oil and Coolant.mod; NewItemsGoR.mod; Kaizo.mod; Radiant Unique Recruits New Stats.mod; UWE - Kaizo Compatibility Patch.mod","https://steamcommunity.com/sharedfiles/filedetails/?id=3013917505"
"626","3013917714","UWE - Items Integration Patch - Upgradeable Tiers.mod","MEGA - Items Integration Patch (For the Kaizo/UWE+ Modpack) - Upgradeable Tiers","UWE - Items Integration Patch.mod; Animation - Collection Pack.mod; Better Storage System.mod","https://steamcommunity.com/sharedfiles/filedetails/?id=3013917714"
"627","3519718691","MEGA - Armour and Weapon Integration Patch.mod","MEGA - Armour and Weapon Integration Patch","Workshop Severin Instagram ENG.mod; Desert divers.mod; Better Storage System.mod; Crossbow Bolt Stackinator.mod; Random Furniture.mod; Expanded Vanilla Armor.mod; Custom Personal Armour Pack.mod; Samurai soldier helmets.mod; Freelance Hunter.mod; merc armor bundle.mod; Electrical Powered Armour - E_Armor Overhaul.mod; external_muscle_suit.mod; Vanguad_mercenares.mod; Lolu_Spider Armour.mod; Fishman Helmets.mod; Hydraulic Knight Equipment.mod; Mongrel_Undertaker.mod; holy order redux.mod; tengu.mod; holy_lord_phoenix.mod; esata.mod; cats clothing overhaul.mod; Sahilarious's Feminine Clothes Part 1.mod; Sahilarious's Feminine Clothes Part 2.mod; Sahilarious's Feminine Upgrades 1.mod; Sahilarious's Herder's Dress.mod; wild_fit.mod; Corsair_Pants.mod; Dark Turtleneck.mod; Monster_Helmet.mod; Warrior Moon - Weapon Overhaul AIO.mod; Iron Spider Arm Weapon.mod; workes's Weapon Outfit I.mod; workes Weapon Outfit II.mod; Kit's Weapon Pack.mod; LFW - INFINITE.mod; Wooden Handles.mod; Sugoi Nagai Katana.mod; HeatCoilCleaver.mod; Springbat_Mk2.mod; Three Shots Ranger.mod; A Standalone Gaussbow Mod.mod; Handturrets.mod","https://steamcommunity.com/sharedfiles/filedetails/?id=3519718691"
"628","3648912493","MEGA - Training Mods Patch.mod","MEGA - Training Mods Patch","Idle Stands.mod; Sensible Training.mod; Strength Training Equipment.mod; Wooden Dexterity Training Dummy.mod; CBT Gym Training Tools.mod; WorkingSimulators.mod","https://steamcommunity.com/sharedfiles/filedetails/?id=3648912493"
"629","2862397536","[10]----------[Economy]----------.mod","[10] Mod Organizer [Economy]","","https://steamcommunity.com/sharedfiles/filedetails/?id=2862397536"
"630","1859237878","Your sold items will disappear.mod","Shop Bug Fix (Your sold items will disappear)","","https://steamcommunity.com/sharedfiles/filedetails/?id=1859237878"
"631","1677155066","TradeWithThieves.mod","Trade with Thieves","","https://steamcommunity.com/sharedfiles/filedetails/?id=1677155066"
"632","3632920670","Trade While Disguised.mod","Trade While Disguised","","https://steamcommunity.com/sharedfiles/filedetails/?id=3632920670"
"633","3295309085","Slaver Barmen.mod","Slaver Barmen","","https://steamcommunity.com/sharedfiles/filedetails/?id=3295309085"
"634","2740388048","Slave traders sell confiscated goods [EN].mod","Slave Traders sell confiscated goods [EN]","","https://steamcommunity.com/sharedfiles/filedetails/?id=2740388048"
"635","2773013218","Pocket Change 3.0.mod","Pocket Change 3.0","","https://steamcommunity.com/sharedfiles/filedetails/?id=2773013218"
"636","2888373595","Money theft.mod","Bandits Steal Your Money","","https://steamcommunity.com/sharedfiles/filedetails/?id=2888373595"
"637","3371387068","The Central Imperial Bank English.mod","[ENG] CIB - The Central Imperial Bank","","https://steamcommunity.com/sharedfiles/filedetails/?id=3371387068"
"638","3552422459","HiverToHiverTrading.mod","Hiver to Hiver Trading (UWE)","Universal Wasteland Expansion.mod","https://steamcommunity.com/sharedfiles/filedetails/?id=3552422459"
"639","3775703318","FixShoppingWages.mod","Fix Shopping Wages (RE_Kenshi)","","https://steamcommunity.com/sharedfiles/filedetails/?id=3775703318"
"640","2912420926","[11]----------[Miscellanious]----------.mod","[11] Mod Organizer [Miscellaneous]","","https://steamcommunity.com/sharedfiles/filedetails/?id=2912420926"
"641","1650107705","hippity hoppity you're now my property.mod","Hippity hoppity you're now my property","","https://steamcommunity.com/sharedfiles/filedetails/?id=1650107705"
"642","2486260824","Kenshi Vibes.mod","Kenshi Vibes","","https://steamcommunity.com/sharedfiles/filedetails/?id=2486260824"
"643","2493105466","Thanks you based Okran.mod","Okran is based","","https://steamcommunity.com/sharedfiles/filedetails/?id=2493105466"
"644","3645296528","clankers.mod","Chance to replace ""skeleton"" with ""clanker""","","https://steamcommunity.com/sharedfiles/filedetails/?id=3645296528"
"645","3706023574","BouncingDancePrisonersDanceAction.mod","Prisoner Bouncing Dance","","https://steamcommunity.com/sharedfiles/filedetails/?id=3706023574"
"646","3107450031","Beak Thing_Hair.mod","Beak Thing_Hair","","https://steamcommunity.com/sharedfiles/filedetails/?id=3107450031"
"647","1694574920","Baka Things.mod","Baka Things","","https://steamcommunity.com/sharedfiles/filedetails/?id=1694574920"
"648","2409175214","beakthing statue.mod","Beak Thing Statue","","https://steamcommunity.com/sharedfiles/filedetails/?id=2409175214"
"649","2810767993","beakthing statue plus.mod","Beak Thing Statue Plus","beakthing statue.mod","https://steamcommunity.com/sharedfiles/filedetails/?id=2810767993"
"650","2988882104","Buildings Category Tweaks - Becky.mod","Buildings Category Tweaks - Becky","Beak_Thing_Scarf.mod; beakthing statue.mod","https://steamcommunity.com/sharedfiles/filedetails/?id=2988882104"
"651","2498718669","Talking Beak Things.mod","Talking Beak Things","","https://steamcommunity.com/sharedfiles/filedetails/?id=2498718669"
"652","2373455922","Lvely Gutter English Edition.mod","Lovely Gutter English Edition","","https://steamcommunity.com/sharedfiles/filedetails/?id=2373455922"
"653","3168124217","Beam Thing.mod","Beam Thing","","https://steamcommunity.com/sharedfiles/filedetails/?id=3168124217"
"654","2834503028","holybeepstatuefix.mod","Holy Beep Statue 2022","","https://steamcommunity.com/sharedfiles/filedetails/?id=2834503028"
"655","2040570886","Neep-a.mod","Neep! Beep's ghetto cousin.","","https://steamcommunity.com/sharedfiles/filedetails/?id=2040570886"
"656","1452709289","Clown.mod","Steady the Clown","","https://steamcommunity.com/sharedfiles/filedetails/?id=1452709289"
"657","3239395464","Genzee.mod","Genzee - Skeleton Unique Recruit","","https://steamcommunity.com/sharedfiles/filedetails/?id=3239395464"
"658","2605339144","Strangers N' Freaks - Hive Princesses.mod","Strangers N' Freaks - Hive Princesses","","https://steamcommunity.com/sharedfiles/filedetails/?id=2605339144"
"659","2230597382","Hive_Princess.mod","Princess of The Hive ver.0.6","","https://steamcommunity.com/sharedfiles/filedetails/?id=2230597382"
"660","3141054922","Hive_Princess_Edit.mod","Princess of The Hive - Balanced","Hive_Princess.mod","https://steamcommunity.com/sharedfiles/filedetails/?id=3141054922"
"661","2262334748","Hive_princess_remade.mod","Princess of The Hive Remake(R18)","Hive_Princess.mod","https://steamcommunity.com/sharedfiles/filedetails/?id=2262334748"
"662","3530054318","Hivers - Collection Pack.mod","MEGA - Cute and Shredded Hivers Patch","","https://steamcommunity.com/sharedfiles/filedetails/?id=3530054318"
"663","3783836117","UWE Hive Queen Birth.mod","UWE Hive Queen Birth","Universal Wasteland Expansion.mod","https://steamcommunity.com/sharedfiles/filedetails/?id=3783836117"
"664","3786129514","DarkHiveBirthing.mod","Dark Hive Queen Birthing","Dark Hive.mod","https://steamcommunity.com/sharedfiles/filedetails/?id=3786129514"
"665","3785575546","RadiantHiveBirthing.mod","Radiant Primordial Hive Queen Birthing","Radiant Ancient Hive.mod","https://steamcommunity.com/sharedfiles/filedetails/?id=3785575546"
"666","1996975539","Soulbody.mod","Soul World -Crater overhaul-","","https://steamcommunity.com/sharedfiles/filedetails/?id=1996975539"
"667","3549419288","Soulbody No Crater Terrain Edits.mod","Soul World -Crater overhaul- NO TERRAIN EDITS","Soulbody.mod","https://steamcommunity.com/sharedfiles/filedetails/?id=3549419288"
"668","3549406499","Soulbody Tweaks.mod","Soul World -Crater overhaul- TWEAKS","Soulbody.mod","https://steamcommunity.com/sharedfiles/filedetails/?id=3549406499"
"669","3797113265","CannibalismTask.mod","Cannibalism","","https://steamcommunity.com/sharedfiles/filedetails/?id=3797113265"
"670","3401610869","RemoveTestStart - LOWER.mod","Remove Test Start - Lower Module","RemoveTestStart - UPPER.mod","https://steamcommunity.com/sharedfiles/filedetails/?id=3401610869"
"671","3186856217","Pathfinding - Collection Pack.mod","MEGA Pathfinding Collection Pack","Animation - Collection Pack.mod","https://steamcommunity.com/sharedfiles/filedetails/?id=3186856217"
"672","2993510745","[12]----------[Optional]----------.mod.mod","[12] Mod Organizer [Optional]","","https://steamcommunity.com/sharedfiles/filedetails/?id=2993510745"
"673","2936262493","CBT YANM & Community Part Map -  Invisible Arms Fix.mod","CBT YANM & Community Part Map -  Invisible Arms Fix","","https://steamcommunity.com/sharedfiles/filedetails/?id=2936262493"
"674","3413231341","BeautifulBodiesAndFaces.mod","Beautiful Bodies and Faces","","https://steamcommunity.com/sharedfiles/filedetails/?id=3413231341"
"675","3053103794","YAKNM - Collection Pack.mod","MEGA -Pants Fix for Nude Mods- Patch","Animation - Collection Pack.mod","https://steamcommunity.com/sharedfiles/filedetails/?id=3053103794"
"676","3709345380","Vanilla Martial Artist Bindings.mod","Nude Mod HD - Martial Artist Bindings Fix","","https://steamcommunity.com/sharedfiles/filedetails/?id=3709345380"
